/*
SQLyog Ultimate v12.09 (64 bit)
MySQL - 5.5.62 : Database - forum
*********************************************************************
*/

/*!40101 SET NAMES utf8 */;

/*!40101 SET SQL_MODE=''*/;

/*!40014 SET @OLD_UNIQUE_CHECKS=@@UNIQUE_CHECKS, UNIQUE_CHECKS=0 */;
/*!40014 SET @OLD_FOREIGN_KEY_CHECKS=@@FOREIGN_KEY_CHECKS, FOREIGN_KEY_CHECKS=0 */;
/*!40101 SET @OLD_SQL_MODE=@@SQL_MODE, SQL_MODE='NO_AUTO_VALUE_ON_ZERO' */;
/*!40111 SET @OLD_SQL_NOTES=@@SQL_NOTES, SQL_NOTES=0 */;
CREATE DATABASE /*!32312 IF NOT EXISTS*/`forum` /*!40100 DEFAULT CHARACTER SET latin1 */;

USE `forum`;

/*Table structure for table `tb_admin_login_info` */

DROP TABLE IF EXISTS `tb_admin_login_info`;

CREATE TABLE `tb_admin_login_info` (
  `id` int(11) NOT NULL AUTO_INCREMENT COMMENT '自增ID',
  `ip` varchar(255) NOT NULL COMMENT 'ip地址信息',
  `info` varchar(255) NOT NULL COMMENT '获取得到的地址信息',
  `time` varchar(255) NOT NULL COMMENT '登录时间',
  PRIMARY KEY (`id`,`ip`)
) ENGINE=InnoDB AUTO_INCREMENT=33 DEFAULT CHARSET=utf8;

/*Data for the table `tb_admin_login_info` */

insert  into `tb_admin_login_info`(`id`,`ip`,`info`,`time`) values (8,'127.0.0.1','XX XX 内网IP 内网IP','2019-11:27 17:00'),(16,'27.29.244.76','','2020-05-05 20:50'),(17,'27.29.244.76','','2020-05-05 21:18'),(18,'27.29.244.76','暂无详细地址信息','2020-05-05 21:19'),(19,'27.29.244.76','暂无详细地址信息','2020-05-05 21:23'),(20,'27.29.244.76','暂无详细地址信息','2020-05-05 21:24'),(21,'27.29.244.76','暂无详细地址信息','2020-05-05 21:42'),(22,'27.29.244.76','暂无详细地址信息','2020-05-05 21:47'),(23,'27.29.244.76','暂无详细地址信息','2020-05-05 21:48'),(24,'27.29.244.76','暂无详细地址信息','2020-05-05 22:22'),(25,'27.29.244.76','暂无详细地址信息','2020-05-06 12:09'),(26,'127.0.0.1','暂无详细地址信息','2020-05-06 12:10'),(28,'27.29.244.76','中国湖北省','2020-05-06 13:07'),(29,'27.29.244.76','暂无详细地址信息','2020-05-06 13:10'),(30,'27.29.244.76','暂无详细地址信息','2020-05-06 17:56'),(31,'27.29.244.76','暂无详细地址信息','2020-05-06 19:40'),(32,'27.29.244.76','暂无详细地址信息','2020-05-06 21:18');

/*Table structure for table `tb_categories` */

DROP TABLE IF EXISTS `tb_categories`;

CREATE TABLE `tb_categories` (
  `id` int(11) NOT NULL AUTO_INCREMENT COMMENT '自增主键',
  `category` varchar(256) NOT NULL COMMENT '分类名',
  PRIMARY KEY (`id`)
) ENGINE=InnoDB AUTO_INCREMENT=7 DEFAULT CHARSET=utf8;

/*Data for the table `tb_categories` */

insert  into `tb_categories`(`id`,`category`) values (1,'开发语言'),(2,'平台框架'),(3,'服务器'),(4,'数据库'),(5,'开发工具'),(6,'其它');

/*Table structure for table `tb_category_tag` */

DROP TABLE IF EXISTS `tb_category_tag`;

CREATE TABLE `tb_category_tag` (
  `id` int(11) NOT NULL AUTO_INCREMENT COMMENT '自增ID',
  `category_id` int(11) NOT NULL COMMENT '分类ID',
  `tag_id` int(11) DEFAULT NULL COMMENT '标签ID',
  PRIMARY KEY (`id`)
) ENGINE=InnoDB AUTO_INCREMENT=11 DEFAULT CHARSET=utf8;

/*Data for the table `tb_category_tag` */

insert  into `tb_category_tag`(`id`,`category_id`,`tag_id`) values (1,1,1),(2,1,2),(3,1,3),(4,3,4),(5,4,5),(6,2,6),(7,2,7),(8,5,9),(9,4,8),(10,6,10);

/*Table structure for table `tb_collection` */

DROP TABLE IF EXISTS `tb_collection`;

CREATE TABLE `tb_collection` (
  `id` int(11) NOT NULL AUTO_INCREMENT COMMENT '自增ID',
  `u_id` int(11) NOT NULL COMMENT '收藏者Id',
  `username` varchar(255) NOT NULL COMMENT '收藏者用户名',
  `question_id` int(11) NOT NULL COMMENT '收藏的问题ID',
  `publisher` varchar(255) DEFAULT NULL COMMENT '问题的发布者',
  `time` varchar(255) NOT NULL COMMENT '收藏时间',
  `status` int(2) NOT NULL COMMENT '收藏状态',
  PRIMARY KEY (`id`)
) ENGINE=InnoDB AUTO_INCREMENT=15 DEFAULT CHARSET=utf8;

/*Data for the table `tb_collection` */

insert  into `tb_collection`(`id`,`u_id`,`username`,`question_id`,`publisher`,`time`,`status`) values (11,57,'左想',59,'码匠论坛','2019-12-31 18:42',1),(12,83,'Sanarous',82,'Sanarous','2020-05-07 21:45',1),(13,83,'Sanarous',77,'左想','2020-05-07 21:36',0),(14,83,'Sanarous',76,'左想','2020-05-07 21:38',0);

/*Table structure for table `tb_comment` */

DROP TABLE IF EXISTS `tb_comment`;

CREATE TABLE `tb_comment` (
  `c_id` int(20) NOT NULL AUTO_INCREMENT COMMENT '评论ID',
  `comment` text NOT NULL COMMENT '评论内容',
  `time` varchar(255) NOT NULL COMMENT '评论时间',
  `avatar` varchar(255) NOT NULL COMMENT '评论者头像',
  `uid` int(11) NOT NULL COMMENT '评论者ID',
  `uname` varchar(255) NOT NULL COMMENT '评论者用户名',
  `question_id` int(11) NOT NULL COMMENT '评论对应的问题ID',
  PRIMARY KEY (`c_id`)
) ENGINE=InnoDB AUTO_INCREMENT=96 DEFAULT CHARSET=utf8;

/*Data for the table `tb_comment` */

insert  into `tb_comment`(`c_id`,`comment`,`time`,`avatar`,`uid`,`uname`,`question_id`) values (43,'占楼','2019-11-25 15:56','https://bestzuo.cn/images/forum/anonymous.jpg',58,'kily007',59),(44,'我靠，这是什么鬼','2019-11-25 15:57','https://bestzuo.cn/images/forum/anonymous.jpg',58,'kily007',60),(45,'111','2019-11-25 19:12','https://forum-1258928558.cos.ap-guangzhou.myqcloud.com/avatar/13541574680287925.jpg',63,'另一个自己',60),(46,'666','2019-11-25 19:15','https://forum-1258928558.cos.ap-guangzhou.myqcloud.com/avatar/9491574665783250.jpg',57,'左想',62),(47,'沙发','2019-11-25 19:18','https://forum-1258928558.cos.ap-guangzhou.myqcloud.com/avatar/13541574680287925.jpg',63,'另一个自己',59),(48,'消灭零回复','2019-11-25 19:20','https://forum-1258928558.cos.ap-guangzhou.myqcloud.com/avatar/9491574665783250.jpg',57,'左想',61),(49,'<img src=\"http://forum.bestzuo.cn/static/layui/images/face/54.gif\" alt=\"[good]\" style=\"width:100%;height:auto;max-width:800px\">','2019-11-25 19:20','https://bestzuo.cn/images/forum/anonymous.jpg',66,'请你吃冰淇淋吖',62),(50,'谁还不会来呢','2019-11-25 19:26','https://forum-1258928558.cos.ap-guangzhou.myqcloud.com/avatar/8621574681121386.jpg',66,'请你吃冰淇淋吖',61),(51,'<img src=\"http://forum.bestzuo.cn/static/layui/images/face/63.gif\" alt=\"[给力]\" style=\"width:100%;height:auto;max-width:800px\">','2019-11-25 19:35','https://forum-1258928558.cos.ap-guangzhou.myqcloud.com/avatar/13541574680287925.jpg',63,'另一个自己',62),(52,'男生，点赞<img src=\"http://forum.bestzuo.cn/static/layui/images/face/4.gif\" alt=\"[可怜]\" style=\"width:100%;height:auto;max-width:800px\">','2019-11-25 19:45','https://forum-1258928558.cos.ap-guangzhou.myqcloud.com/avatar/58881574680230723.jpeg',62,'beiguo',65),(53,'<img src=\"http://forum.bestzuo.cn/static/layui/images/face/35.gif\" alt=\"[失望]\" style=\"width:100%;height:auto;max-width:800px\">','2019-11-25 19:45','https://forum-1258928558.cos.ap-guangzhou.myqcloud.com/avatar/58881574680230723.jpeg',62,'beiguo',65),(54,'<b>消灭零回复</b>','2019-11-25 19:59','https://forum-1258928558.cos.ap-guangzhou.myqcloud.com/avatar/9491574665783250.jpg',57,'左想',64),(55,'前排','2019-11-26 13:12','https://forum-1258928558.cos.ap-guangzhou.myqcloud.com/avatar/9491574665783250.jpg',57,'左想',59),(56,'啦啦啦','2019-11-26 20:57','https://forum-1258928558.cos.ap-guangzhou.myqcloud.com/avatar/9491574665783250.jpg',57,'左想',63),(57,'1','2019-11-28 20:10','https://forum-1258928558.cos.ap-guangzhou.myqcloud.com/avatar/13541574680287925.jpg',63,'另一个自己',65),(58,'1','2019-11-28 20:11','https://forum-1258928558.cos.ap-guangzhou.myqcloud.com/avatar/13541574680287925.jpg',63,'另一个自己',66),(59,'留言测试<br>','2019-12-31 18:42','https://forum-1258928558.cos.ap-guangzhou.myqcloud.com/avatar/9491574665783250.jpg',57,'左想',59),(60,'在家闲的','2020-02-20 19:24','https://forum-1258928558.cos.ap-guangzhou.myqcloud.com/avatar/9491574665783250.jpg',57,'左想',71),(61,'这是嘛玩意','2020-02-20 19:25','https://forum-1258928558.cos.ap-guangzhou.myqcloud.com/avatar/9491574665783250.jpg',57,'左想',69),(62,'<img src=\"https://forum-1258928558.cos.ap-guangzhou.myqcloud.com/info/57001583848667438.png\" alt=\"imagesFile-1583848667424\" style=\"width:100%;height:auto;max-width:800px\">test','2020-03-10 22:04','https://bestzuo.cn/images/forum/anonymous.jpg',70,'testtest',67),(63,'问题不大，钢','2020-04-28 15:21','https://forum-1258928558.cos.ap-guangzhou.myqcloud.com/avatar/9491574665783250.jpg',57,'左想',74),(64,'主要是发现最近有人问题要源码，其它的没啥了','2020-04-28 15:25','https://forum-1258928558.cos.ap-guangzhou.myqcloud.com/avatar/9491574665783250.jpg',57,'左想',75),(65,'后台管理界面应该是有心无力去做了，有需要的朋友可以根据源码自己进行修改','2020-04-28 15:26','https://forum-1258928558.cos.ap-guangzhou.myqcloud.com/avatar/9491574665783250.jpg',57,'左想',75),(66,'为啥内容为空也能直接发布问题，看来这是个之前修改留下的bug啊','2020-04-28 15:32','https://forum-1258928558.cos.ap-guangzhou.myqcloud.com/avatar/9491574665783250.jpg',57,'左想',74),(67,'回复一下','2020-04-28 16:00','https://forum-1258928558.cos.ap-guangzhou.myqcloud.com/avatar/9491574665783250.jpg',57,'左想',73),(68,'修完一个BUG，又出了10个BUG','2020-04-30 21:28','https://bestzuo.cn/images/forum/anonymous.jpg',83,'Sanarous',77),(69,'1111','2020-05-01 18:51','https://forum-1258928558.cos.ap-guangzhou.myqcloud.com/avatar/89391588253084246.jpg',83,'Sanarous',60),(70,'牛皮，顺便测试积分信息','2020-05-06 14:44','https://forum-1258928558.cos.ap-guangzhou.myqcloud.com/avatar/89391588253084246.jpg',83,'Sanarous',77),(71,'测试给自己帖子评论是否正常','2020-05-06 14:44','https://forum-1258928558.cos.ap-guangzhou.myqcloud.com/avatar/89391588253084246.jpg',83,'Sanarous',83),(72,'测试回复第二次','2020-05-06 14:44','https://forum-1258928558.cos.ap-guangzhou.myqcloud.com/avatar/89391588253084246.jpg',83,'Sanarous',77),(73,'测试回复第三次','2020-05-06 14:44','https://forum-1258928558.cos.ap-guangzhou.myqcloud.com/avatar/89391588253084246.jpg',83,'Sanarous',77),(74,'哦豁','2020-05-06 15:04','https://forum-1258928558.cos.ap-guangzhou.myqcloud.com/avatar/89391588253084246.jpg',83,'Sanarous',74),(75,'哦豁','2020-05-06 16:19','https://forum-1258928558.cos.ap-guangzhou.myqcloud.com/avatar/89391588253084246.jpg',83,'Sanarous',60),(76,'回复','2020-05-06 16:19','https://forum-1258928558.cos.ap-guangzhou.myqcloud.com/avatar/89391588253084246.jpg',83,'Sanarous',73),(77,'回复','2020-05-06 16:39','https://forum-1258928558.cos.ap-guangzhou.myqcloud.com/avatar/89391588253084246.jpg',83,'Sanarous',59),(78,'测试表情回复<img src=\"http://localhost:8888/static/layui/images/face/43.gif\" alt=\"[黑线]\" style=\"/* width:100%; */height:auto;max-width:800px;\">','2020-05-07 19:50','https://forum-1258928558.cos.ap-guangzhou.myqcloud.com/avatar/89391588253084246.jpg',83,'Sanarous',85),(79,'<img src=\"http://localhost:8888/static/layui/images/face/27.gif\" alt=\"[疑问]\" style=\"width:100%;height:auto;max-width:800px\">','2020-05-07 19:50','https://forum-1258928558.cos.ap-guangzhou.myqcloud.com/avatar/89391588253084246.jpg',83,'Sanarous',85),(80,'表情回复<img src=\"http://localhost:8888/static/layui/images/face/39.gif\" alt=\"[鼓掌]\" style=\"width:100%;height:auto;max-width:800px\">','2020-05-07 19:54','https://forum-1258928558.cos.ap-guangzhou.myqcloud.com/avatar/89391588253084246.jpg',83,'Sanarous',85),(81,'<img src=\"http://localhost:8888/static/layui/images/face/27.gif\" alt=\"[疑问]\" style=\"width:auto;height:auto;max-width:800px\">','2020-05-07 19:59','https://forum-1258928558.cos.ap-guangzhou.myqcloud.com/avatar/89391588253084246.jpg',83,'Sanarous',86),(82,'如果超过10条回复了呢','2020-05-07 20:29','https://forum-1258928558.cos.ap-guangzhou.myqcloud.com/avatar/89391588253084246.jpg',83,'Sanarous',82),(83,'回复1','2020-05-07 20:29','https://forum-1258928558.cos.ap-guangzhou.myqcloud.com/avatar/89391588253084246.jpg',83,'Sanarous',82),(84,'回复2','2020-05-07 20:29','https://forum-1258928558.cos.ap-guangzhou.myqcloud.com/avatar/89391588253084246.jpg',83,'Sanarous',82),(85,'回复3','2020-05-07 20:30','https://forum-1258928558.cos.ap-guangzhou.myqcloud.com/avatar/89391588253084246.jpg',83,'Sanarous',82),(86,'回复4','2020-05-07 20:30','https://forum-1258928558.cos.ap-guangzhou.myqcloud.com/avatar/89391588253084246.jpg',83,'Sanarous',82),(87,'回复5','2020-05-07 20:30','https://forum-1258928558.cos.ap-guangzhou.myqcloud.com/avatar/89391588253084246.jpg',83,'Sanarous',82),(88,'回复6','2020-05-07 20:30','https://forum-1258928558.cos.ap-guangzhou.myqcloud.com/avatar/89391588253084246.jpg',83,'Sanarous',82),(89,'回复7','2020-05-07 20:30','https://forum-1258928558.cos.ap-guangzhou.myqcloud.com/avatar/89391588253084246.jpg',83,'Sanarous',82),(90,'回复8','2020-05-07 20:30','https://forum-1258928558.cos.ap-guangzhou.myqcloud.com/avatar/89391588253084246.jpg',83,'Sanarous',82),(91,'回复9','2020-05-07 20:30','https://forum-1258928558.cos.ap-guangzhou.myqcloud.com/avatar/89391588253084246.jpg',83,'Sanarous',82),(92,'回复10','2020-05-07 20:30','https://forum-1258928558.cos.ap-guangzhou.myqcloud.com/avatar/89391588253084246.jpg',83,'Sanarous',82),(93,'回复一下看看','2020-05-08 22:19','https://forum-1258928558.cos.ap-guangzhou.myqcloud.com/avatar/58761588947536338.jpg',83,'Sanarous',85),(94,'测试评论','2020-05-09 12:51','https://forum-1258928558.cos.ap-guangzhou.myqcloud.com/avatar/30961588948043470.jpeg',83,'Sanarous',60),(95,'再来一条应该会折叠','2020-05-09 13:28','https://forum-1258928558.cos.ap-guangzhou.myqcloud.com/avatar/30961588948043470.jpeg',83,'Sanarous',60);

/*Table structure for table `tb_comment_like` */

DROP TABLE IF EXISTS `tb_comment_like`;

CREATE TABLE `tb_comment_like` (
  `id` int(11) NOT NULL AUTO_INCREMENT COMMENT '自增ID',
  `comment_id` int(11) NOT NULL COMMENT '评论ID',
  `comment_uid` int(11) NOT NULL COMMENT '评论者ID',
  `comment_name` varchar(255) NOT NULL COMMENT '评论者用户名',
  `like_id` int(11) NOT NULL COMMENT '点赞者ID',
  `like_name` varchar(255) NOT NULL COMMENT '点赞者用户名',
  `time` varchar(255) NOT NULL COMMENT '点赞时间',
  `status` int(1) NOT NULL DEFAULT '0' COMMENT '点赞状态 0-未点赞 1-已点赞',
  `question_id` int(11) NOT NULL COMMENT '关联的问题ID',
  PRIMARY KEY (`id`)
) ENGINE=InnoDB AUTO_INCREMENT=12 DEFAULT CHARSET=utf8;

/*Data for the table `tb_comment_like` */

insert  into `tb_comment_like`(`id`,`comment_id`,`comment_uid`,`comment_name`,`like_id`,`like_name`,`time`,`status`,`question_id`) values (5,43,58,'kily007',57,'左想','2019-11-25 16:24',1,59),(6,49,66,'请你吃冰淇淋吖',57,'左想','2019-11-25 19:22',1,62),(7,50,66,'请你吃冰淇淋吖',57,'左想','2019-11-25 20:21',1,61),(8,47,63,'另一个自己',57,'左想','2019-12-31 18:42',1,59),(9,58,63,'另一个自己',57,'左想','2019-11-30 18:38',1,66),(10,64,57,'左想',83,'Sanarous','2020-05-08 15:55',1,75),(11,65,57,'左想',83,'Sanarous','2020-05-08 15:55',1,75);

/*Table structure for table `tb_comment_notice` */

DROP TABLE IF EXISTS `tb_comment_notice`;

CREATE TABLE `tb_comment_notice` (
  `id` int(11) NOT NULL AUTO_INCREMENT COMMENT '自增主键ID',
  `parent_comment_id` int(11) NOT NULL COMMENT '父评论ID',
  `comment_id` int(11) NOT NULL COMMENT '回复者ID',
  `comment_name` varchar(255) NOT NULL COMMENT '回复者用户名',
  `notice_id` int(11) NOT NULL COMMENT '被回复者ID',
  `notice_name` varchar(255) NOT NULL COMMENT '被回复者用户名',
  `content` text NOT NULL COMMENT '回复内容',
  `time` varchar(255) NOT NULL COMMENT '回复时间',
  `question_id` int(11) NOT NULL COMMENT '关联的问题ID',
  `status` int(2) NOT NULL DEFAULT '0' COMMENT '是否被阅读过，0-未读，1-已读',
  PRIMARY KEY (`id`)
) ENGINE=InnoDB AUTO_INCREMENT=87 DEFAULT CHARSET=utf8;

/*Data for the table `tb_comment_notice` */

insert  into `tb_comment_notice`(`id`,`parent_comment_id`,`comment_id`,`comment_name`,`notice_id`,`notice_name`,`content`,`time`,`question_id`,`status`) values (26,43,58,'kily007',56,'码匠论坛','占楼','2019-11-25 15:56',59,0),(27,44,58,'kily007',57,'左想','我靠，这是什么鬼','2019-11-25 15:57',60,0),(28,44,57,'左想',58,'kily007','帅就完事了','2019-11-25 16:20',60,0),(29,44,62,'beiguo',58,'kily007','666','2019-11-25 19:00',60,0),(30,44,57,'左想',62,'beiguo',' @beiguo：6666','2019-11-25 19:00',60,0),(31,44,63,'另一个自己',58,'kily007','111','2019-11-25 19:12',60,0),(32,45,63,'另一个自己',57,'左想','111','2019-11-25 19:12',60,0),(33,46,57,'左想',63,'另一个自己','666','2019-11-25 19:15',62,0),(34,47,63,'另一个自己',56,'码匠论坛','沙发','2019-11-25 19:18',59,0),(35,48,57,'左想',58,'kily007','消灭零回复','2019-11-25 19:20',61,0),(36,49,66,'请你吃冰淇淋吖',63,'另一个自己','<img src=\"http://forum.bestzuo.cn/static/layui/images/face/54.gif\" alt=\"[good]\" style=\"width:100%;height:auto;max-width:800px\">','2019-11-25 19:20',62,0),(37,50,66,'请你吃冰淇淋吖',58,'kily007','谁还不会来呢','2019-11-25 19:26',61,0),(38,51,63,'另一个自己',63,'另一个自己','<img src=\"http://forum.bestzuo.cn/static/layui/images/face/63.gif\" alt=\"[给力]\" style=\"width:100%;height:auto;max-width:800px\">','2019-11-25 19:35',62,0),(39,52,62,'beiguo',66,'请你吃冰淇淋吖','男生，点赞<img src=\"http://forum.bestzuo.cn/static/layui/images/face/4.gif\" alt=\"[可怜]\" style=\"width:100%;height:auto;max-width:800px\">','2019-11-25 19:45',65,0),(40,53,62,'beiguo',66,'请你吃冰淇淋吖','<img src=\"http://forum.bestzuo.cn/static/layui/images/face/35.gif\" alt=\"[失望]\" style=\"width:100%;height:auto;max-width:800px\">','2019-11-25 19:45',65,0),(41,54,57,'左想',65,'爱奔跑的橘子','<b>消灭零回复</b>','2019-11-25 19:59',64,0),(42,55,57,'左想',56,'码匠论坛','前排','2019-11-26 13:12',59,0),(43,56,57,'左想',65,'爱奔跑的橘子','啦啦啦','2019-11-26 20:57',63,0),(44,57,63,'另一个自己',66,'请你吃冰淇淋吖','1','2019-11-28 20:10',65,0),(45,58,63,'另一个自己',57,'左想','1','2019-11-28 20:11',66,0),(46,58,57,'左想',63,'另一个自己','@另一个自己：','2019-12-06 15:26',66,0),(47,59,57,'左想',56,'码匠论坛','留言测试<br>','2019-12-31 18:42',59,0),(48,60,57,'左想',63,'另一个自己','在家闲的','2020-02-20 19:24',71,0),(49,61,57,'左想',67,'wch','这是嘛玩意','2020-02-20 19:25',69,0),(50,62,70,'testtest',57,'左想','<img src=\"https://forum-1258928558.cos.ap-guangzhou.myqcloud.com/info/57001583848667438.png\" alt=\"imagesFile-1583848667424\" style=\"width:100%;height:auto;max-width:800px\">test','2020-03-10 22:04',67,0),(51,62,57,'左想',70,'testtest','冲','2020-04-07 13:46',67,0),(52,63,57,'左想',58,'kily007','问题不大，钢','2020-04-28 15:21',74,0),(53,64,57,'左想',57,'左想','主要是发现最近有人问题要源码，其它的没啥了','2020-04-28 15:25',75,0),(54,65,57,'左想',57,'左想','后台管理界面应该是有心无力去做了，有需要的朋友可以根据源码自己进行修改','2020-04-28 15:26',75,0),(55,66,57,'左想',58,'kily007','为啥内容为空也能直接发布问题，看来这是个之前修改留下的bug啊','2020-04-28 15:32',74,0),(56,67,57,'左想',80,'veritas','回复一下','2020-04-28 16:00',73,0),(57,68,83,'Sanarous',57,'左想','修完一个BUG，又出了10个BUG','2020-04-30 21:28',77,0),(58,69,83,'Sanarous',57,'左想','1111','2020-05-01 18:51',60,0),(59,70,83,'Sanarous',57,'左想','牛皮，顺便测试积分信息','2020-05-06 14:44',77,0),(60,71,83,'Sanarous',83,'Sanarous','测试给自己帖子评论是否正常','2020-05-06 14:44',83,0),(61,72,83,'Sanarous',57,'左想','测试回复第二次','2020-05-06 14:44',77,0),(62,73,83,'Sanarous',57,'左想','测试回复第三次','2020-05-06 14:44',77,0),(63,74,83,'Sanarous',58,'kily007','哦豁','2020-05-06 15:04',74,0),(64,75,83,'Sanarous',57,'左想','哦豁','2020-05-06 16:19',60,0),(65,76,83,'Sanarous',80,'veritas','回复','2020-05-06 16:19',73,0),(66,77,83,'Sanarous',56,'码匠论坛','回复','2020-05-06 16:39',59,0),(67,78,83,'Sanarous',83,'Sanarous','测试表情回复<img src=\"http://localhost:8888/static/layui/images/face/43.gif\" alt=\"[黑线]\" style=\"/* width:100%; */height:auto;max-width:800px;\">','2020-05-07 19:50',85,0),(68,79,83,'Sanarous',83,'Sanarous','<img src=\"http://localhost:8888/static/layui/images/face/27.gif\" alt=\"[疑问]\" style=\"width:100%;height:auto;max-width:800px\">','2020-05-07 19:50',85,0),(69,80,83,'Sanarous',83,'Sanarous','表情回复<img src=\"http://localhost:8888/static/layui/images/face/39.gif\" alt=\"[鼓掌]\" style=\"width:100%;height:auto;max-width:800px\">','2020-05-07 19:54',85,0),(70,81,83,'Sanarous',83,'Sanarous','<img src=\"http://localhost:8888/static/layui/images/face/27.gif\" alt=\"[疑问]\" style=\"width:auto;height:auto;max-width:800px\">','2020-05-07 19:59',86,0),(71,82,83,'Sanarous',83,'Sanarous','如果超过10条回复了呢','2020-05-07 20:29',82,0),(72,83,83,'Sanarous',83,'Sanarous','回复1','2020-05-07 20:29',82,0),(73,84,83,'Sanarous',83,'Sanarous','回复2','2020-05-07 20:29',82,0),(74,85,83,'Sanarous',83,'Sanarous','回复3','2020-05-07 20:30',82,0),(75,86,83,'Sanarous',83,'Sanarous','回复4','2020-05-07 20:30',82,0),(76,87,83,'Sanarous',83,'Sanarous','回复5','2020-05-07 20:30',82,0),(77,88,83,'Sanarous',83,'Sanarous','回复6','2020-05-07 20:30',82,0),(78,89,83,'Sanarous',83,'Sanarous','回复7','2020-05-07 20:30',82,0),(79,90,83,'Sanarous',83,'Sanarous','回复8','2020-05-07 20:30',82,0),(80,91,83,'Sanarous',83,'Sanarous','回复9','2020-05-07 20:30',82,0),(81,92,83,'Sanarous',83,'Sanarous','回复10','2020-05-07 20:30',82,0),(82,93,83,'Sanarous',83,'Sanarous','回复一下看看','2020-05-08 22:19',85,0),(83,44,83,'Sanarous',57,'左想',' @左想：测试回复','2020-05-09 12:50',60,0),(84,94,83,'Sanarous',57,'左想','测试评论','2020-05-09 12:51',60,0),(85,44,83,'Sanarous',57,'左想',' @左想：如果评论超过5个，自动折叠','2020-05-09 12:52',60,0),(86,95,83,'Sanarous',57,'左想','再来一条应该会折叠','2020-05-09 13:28',60,0);

/*Table structure for table `tb_comment_reply` */

DROP TABLE IF EXISTS `tb_comment_reply`;

CREATE TABLE `tb_comment_reply` (
  `r_id` int(11) NOT NULL AUTO_INCREMENT COMMENT '评论回复ID',
  `r_content` text,
  `r_time` varchar(255) CHARACTER SET latin1 NOT NULL COMMENT '回复时间',
  `parent_comment_id` int(11) NOT NULL COMMENT '父评论ID',
  `touid` int(11) NOT NULL COMMENT '目标用户id，回复给谁',
  `touname` varchar(255) DEFAULT NULL,
  `r_avatar` varchar(255) CHARACTER SET latin1 NOT NULL COMMENT '用户头像',
  `r_uid` int(11) NOT NULL COMMENT '用户ID',
  `r_name` varchar(255) DEFAULT NULL,
  PRIMARY KEY (`r_id`)
) ENGINE=InnoDB AUTO_INCREMENT=49 DEFAULT CHARSET=utf8;

/*Data for the table `tb_comment_reply` */

insert  into `tb_comment_reply`(`r_id`,`r_content`,`r_time`,`parent_comment_id`,`touid`,`touname`,`r_avatar`,`r_uid`,`r_name`) values (40,'帅就完事了','2019-11-25 16:20',44,58,'kily007','https://forum-1258928558.cos.ap-guangzhou.myqcloud.com/avatar/9491574665783250.jpg',57,'左想'),(41,'666','2019-11-25 19:00',44,58,'kily007','https://bestzuo.cn/images/forum/anonymous.jpg',62,'beiguo'),(42,' @beiguo：6666','2019-11-25 19:00',44,62,'beiguo','https://forum-1258928558.cos.ap-guangzhou.myqcloud.com/avatar/9491574665783250.jpg',57,'左想'),(43,'111','2019-11-25 19:12',44,58,'kily007','https://forum-1258928558.cos.ap-guangzhou.myqcloud.com/avatar/13541574680287925.jpg',63,'另一个自己'),(44,'@另一个自己：','2019-12-06 15:26',58,63,'另一个自己','https://forum-1258928558.cos.ap-guangzhou.myqcloud.com/avatar/9491574665783250.jpg',57,'左想'),(45,'冲','2020-04-07 13:46',62,70,'testtest','https://forum-1258928558.cos.ap-guangzhou.myqcloud.com/avatar/9491574665783250.jpg',57,'左想'),(46,'是最近有人问我要源码','2020-04-28 15:25',64,57,'左想','https://forum-1258928558.cos.ap-guangzhou.myqcloud.com/avatar/9491574665783250.jpg',57,'左想'),(47,' @左想：测试回复','2020-05-09 12:50',44,57,'左想','https://forum-1258928558.cos.ap-guangzhou.myqcloud.com/avatar/30961588948043470.jpeg',83,'Sanarous'),(48,' @左想：如果评论超过5个，自动折叠','2020-05-09 12:52',44,57,'左想','https://forum-1258928558.cos.ap-guangzhou.myqcloud.com/avatar/30961588948043470.jpeg',83,'Sanarous');

/*Table structure for table `tb_email` */

DROP TABLE IF EXISTS `tb_email`;

CREATE TABLE `tb_email` (
  `e_id` int(11) NOT NULL AUTO_INCREMENT COMMENT '自增主键',
  `u_id` int(11) NOT NULL COMMENT '对应的用户ID',
  `username` varchar(255) DEFAULT NULL COMMENT '对应的用户名',
  `email` varchar(255) DEFAULT NULL COMMENT '对应的用户邮箱',
  `check` int(11) NOT NULL DEFAULT '0' COMMENT '是否激活邮箱，0-未验证 1-已验证',
  PRIMARY KEY (`e_id`)
) ENGINE=InnoDB AUTO_INCREMENT=41 DEFAULT CHARSET=utf8;

/*Data for the table `tb_email` */

insert  into `tb_email`(`e_id`,`u_id`,`username`,`email`,`check`) values (10,56,'码匠论坛','zuoxiang@whut.edu.cn',0),(11,57,'左想','1533394094@qq.com',1),(12,58,'kily007','1286759467@qq.com',1),(13,59,'薄荷绵',NULL,0),(14,60,'薄荷眠','midorii55@outlook.com',0),(15,61,'coffch',NULL,0),(16,62,'beiguo','1290787604@qq.com',1),(17,63,'另一个自己','846947743@qq.com',1),(18,64,'admin',NULL,0),(19,65,'爱奔跑的橘子',NULL,0),(20,66,'请你吃冰淇淋吖',NULL,0),(21,67,'wch',NULL,0),(22,68,'zzz',NULL,0),(23,69,'dev',NULL,0),(24,70,'testtest',NULL,0),(25,71,'似懂非懂',NULL,0),(26,72,'123哈哈哈',NULL,0),(27,73,'amzc',NULL,0),(28,74,'test2019',NULL,0),(29,75,'test',NULL,0),(30,76,'1q1q1q1q',NULL,0),(31,77,'hosoyam',NULL,0),(32,78,'_wen_liang',NULL,0),(33,79,'user1',NULL,0),(34,80,'veritas',NULL,0),(35,81,'d763616587',NULL,0),(36,82,'cuihu123',NULL,0),(37,83,'Sanarous',NULL,0),(38,84,'Sana123','723484363@qq.com',1),(39,85,'撒浪嘿哟',NULL,0),(40,86,'嘿嘿嘿',NULL,0);

/*Table structure for table `tb_follow` */

DROP TABLE IF EXISTS `tb_follow`;

CREATE TABLE `tb_follow` (
  `id` int(11) NOT NULL AUTO_INCREMENT COMMENT '自增主键',
  `user_id` int(11) NOT NULL COMMENT '被关注者的用户ID',
  `user_name` varchar(255) NOT NULL COMMENT '被关注者的用户名',
  `follow_id` int(11) NOT NULL COMMENT '点击关注者的ID',
  `follow_name` varchar(255) NOT NULL COMMENT '点击关注者的用户名',
  `time` varchar(255) NOT NULL COMMENT '关注时间',
  `status` int(2) NOT NULL COMMENT '关注状态 0-未关注 1-已关注',
  PRIMARY KEY (`id`)
) ENGINE=InnoDB AUTO_INCREMENT=23 DEFAULT CHARSET=utf8;

/*Data for the table `tb_follow` */

insert  into `tb_follow`(`id`,`user_id`,`user_name`,`follow_id`,`follow_name`,`time`,`status`) values (11,58,'kily007',57,'左想','2019-11-25 16:18',1),(12,57,'左想',58,'kily007','2019-11-25 18:26',1),(13,58,'kily007',62,'beiguo','2019-11-25 18:56',1),(14,65,'爱奔跑的橘子',57,'左想','2019-11-25 19:17',1),(15,62,'beiguo',57,'左想','2019-11-25 19:42',1),(16,65,'爱奔跑的橘子',62,'beiguo','2019-11-25 19:42',1),(17,57,'左想',62,'beiguo','2019-11-25 19:42',1),(18,63,'另一个自己',57,'左想','2019-12-31 18:43',1),(19,63,'另一个自己',83,'Sanarous','2020-04-30 21:30',1),(20,57,'左想',83,'Sanarous','2020-04-30 21:58',1),(21,58,'kily007',83,'Sanarous','2020-05-01 19:22',1),(22,66,'请你吃冰淇淋吖',83,'Sanarous','2020-05-12 19:46',1);

/*Table structure for table `tb_question` */

DROP TABLE IF EXISTS `tb_question`;

CREATE TABLE `tb_question` (
  `id` int(11) NOT NULL AUTO_INCREMENT COMMENT '问题id',
  `title` varchar(50) NOT NULL COMMENT '标题',
  `description` longtext NOT NULL COMMENT '问题补充内容',
  `gmt_create` varchar(255) NOT NULL COMMENT '发帖时间',
  `gmt_modified` varchar(255) NOT NULL COMMENT '修改时间',
  `publisher` varchar(255) NOT NULL COMMENT '发帖人',
  `comment_count` int(11) NOT NULL DEFAULT '0' COMMENT '评论数',
  `view_count` int(11) NOT NULL DEFAULT '0' COMMENT '阅读数',
  `like_count` int(11) NOT NULL DEFAULT '0' COMMENT '点赞数',
  `tag` varchar(255) DEFAULT NULL COMMENT '问题标签',
  PRIMARY KEY (`id`)
) ENGINE=InnoDB AUTO_INCREMENT=90 DEFAULT CHARSET=utf8;

/*Data for the table `tb_question` */

insert  into `tb_question`(`id`,`title`,`description`,`gmt_create`,`gmt_modified`,`publisher`,`comment_count`,`view_count`,`like_count`,`tag`) values (59,'码匠论坛官方测试版公告','<p>一、码匠论坛官方简介<br><br>    本站为个人开发，无意作为大型在线讨论论坛，请不要随意散播本站网址。如有发现 BUG 请及时提交，不胜感激！<br><br>二、论坛管理细则<br><br>（一）、 码匠论坛官方免责条款<br><br>1、在码匠论坛官方里发表的文章仅代表作者本人的观点，与本网站立场无关。出于遵守国家相关法律法规的前提，我们有权在不经作者准许的情况下删除其在码匠论坛官方所发表的文章。<br><br>2、 码匠论坛官方的所有文章、内容、信息、资料，都不保证其准确性、完整性、有效性、时间性，请依据自身情况做出判断。阅读本站内容因误导等其他因素而造成的损失责任自负，本站没有任何责任。<br><br>3、 码匠论坛官方如因系统维护或升级而需暂停服务时，将事先公告，于暂停服务期间造成的一切不便与损失， 码匠论坛官方不负任何责任。<br><br>4、 码匠论坛官方使用者因为违反本声明的规定而触犯中华人民共和国法律的，一切后果自己负责， 码匠论坛论坛官方不承担任何责任。<br><br>5、凡以任何方式登陆本站或直接、间接使用码匠论坛官方资料者，视为自愿接受码匠论坛官方声明的约束。本声明未涉及的问题参见国家有关法律法规，当本声明与国家法律法规冲突时，以国家法律法规为准。<br><br><br>（二）、 码匠论坛官方对每一位网友的忠告<br><br>1、码匠论坛官方希望每位成员视自己为社区的一分子，而不是旁观者。如果你只想冷言冷语地嘲讽别人看别人的笑话，请不要来这里；<br><br>2、码匠论坛官方希望每位成员都是友善的、平等相待和遵守公共秩序的。如果你想来这里发泄不满，请不要来这里，因为这里不是垃圾场和互相攻击的战场；<br><br><br>（三）、注册ID管理规则<br><br>请勿使用以下注册名：<br><br>1、党和国家领导人或其他名人的真实姓名、字、号、艺名、笔名；<br>2、 国家机构或其他机构的名称； 不文明、不健康之名字； <br>3、易产生歧义、引起他人误解之名字； <br>4、图形、符号名字。<br><br><br><span style=\"color: rgb(238, 236, 224); background-color: rgb(194, 79, 74);\">含以上内容的注册名将被无条件删除。</span><br><br>（四）、 码匠论坛官方绝对禁止谈论的内容<br>1、禁止讨论一切政治问题；<br><br>2、禁止发表任何色情文章和图片；<br><br>3、禁止散布恐怖、凶杀以及给人视觉反感的图片和内容；<br><br>4、禁止进行人身攻击；<br><br>5、禁止对于政府和法律进行破坏的言论；<br><br>6、禁止讨论一切违反中国法律和《国家互联网电子公告服务管理规定》的内容。<br><br><span style=\"background-color: rgb(194, 79, 74); color: rgb(238, 236, 224);\">违反上述规定的将删除主帖，同时禁言或封ID或封IP处理。</span><br><br>（五）、违规贴的标准<br><br>1、图片违规类<br><br>        任何人体暴露照片及人体艺术图片；反复贴过很多次的图片；色情的以及打擦边球的图片；引起人视觉反感的图片。<br><br>2、欺骗类<br><br>    明显的骗分行为；重复灌水，抢楼的；帖子标题和内容不符，欺骗点击的。<br><br>3、危害社区稳定和形象类<br><br>    内容低级不健康； 过分的性话题或太过隐私不宜在公开场合讨论的话题；言语肮脏的；黄色笑话和黄色小段子；含病毒连接或恶意代码的； 对论坛恶意分裂的；低俗、无聊的新闻。<br><br>4、严重浪费社区资源类<br><br>    社区反复转贴过的内容；重复发出的标题或内容相同的帖子；用户用于测试功能的帖子；不能正确显示的图片（显示成×）的； 内容空洞的；帖子中含大量空白影响其他用户阅读的。<br>5、其它类<br><br>    讨论、质疑管理员管理方法的；对其它网站、产品进行宣传的广告、链接；恶意攻击或者变相侮辱管理员的贴子；其它社区明令禁止的内容；偷拍他人图片照片。<br><br><span style=\"background-color: rgb(194, 79, 74); color: rgb(238, 236, 224);\">主贴或回复中含有以上内容的，将被管理人员删除；反复发违规贴的ID将视情节轻重给予相应的处理。</span><br><br><br>（六）、关于删贴投诉标准<br><br>贴子被删除请用户首先阅读用户规定并自我反省，对管理不服导致的矛盾不得发帖讨说法，请直接向管理员发送投诉邮件进行投诉。<br><br>发帖讨说法即视为放弃投诉权，所发帖也一律删除并且警告一次，反复发贴讨说法超过三次封杀用户ID。<br><br><br>（七）、精彩文章标准<br><br>内容充实健康有新意，原创贴优先考虑；质量高的原创内容和用心投入去制作的原创内容；能够让用户学到有用的知识的内容；三个在线管理员认同此帖为精彩文章。<br><br><br><br>（八）、遵守版块版规<br><br>如果版块有单独设置的版规，在版块发生的任何行为除遵守本管理规定之外，还需遵守该版块版规。<br><br><br>&nbsp; &nbsp; &nbsp; &nbsp; &nbsp; &nbsp; &nbsp; &nbsp; &nbsp; &nbsp; &nbsp; &nbsp; &nbsp; &nbsp; &nbsp; &nbsp; &nbsp; &nbsp; &nbsp; &nbsp; &nbsp; &nbsp; &nbsp; &nbsp; &nbsp; &nbsp; &nbsp; &nbsp; &nbsp; &nbsp; &nbsp; &nbsp; &nbsp; &nbsp; &nbsp; &nbsp; &nbsp; &nbsp; &nbsp; &nbsp; &nbsp; &nbsp; &nbsp; &nbsp; &nbsp; &nbsp; &nbsp; &nbsp; &nbsp; &nbsp; &nbsp; &nbsp; &nbsp; &nbsp; &nbsp; &nbsp; &nbsp; &nbsp; &nbsp; &nbsp; &nbsp; &nbsp; &nbsp; &nbsp; &nbsp; &nbsp; &nbsp; &nbsp; &nbsp; &nbsp; &nbsp; &nbsp; &nbsp; &nbsp; &nbsp; &nbsp; &nbsp; &nbsp; &nbsp; &nbsp; &nbsp; &nbsp; &nbsp; &nbsp; &nbsp; &nbsp; &nbsp; &nbsp; &nbsp; &nbsp; &nbsp;———— 码匠论坛官方    测试版公告   2019.11.25</p>','2019-11-25 15:03','2019-11-25 15:03','码匠论坛',5,95,1,'论坛公告'),(60,'我来了，你呢','<p>我带着钢的帅照来了<img src=\"http://img.t.sinajs.cn/t4/appstyle/expression/ext/normal/50/pcmoren_huaixiao_org.png\" alt=\"[坏笑]\" data-w-e=\"1\"></p><p><img src=\"https://forum-1258928558.cos.ap-guangzhou.myqcloud.com/info/74631574665747667.jpg\" style=\"max-width:100%;\"><br></p>','2019-11-25 15:09','2019-11-25 15:09','左想',6,99,0,'测试'),(61,'我也来了，你捏？','<p>他来了他来了，他带着问题跑来了</p>','2019-11-25 16:00','2019-11-25 16:00','kily007',2,35,0,'Java,SpringBoot'),(62,'测试','<p>1</p>','2019-11-25 19:14','2019-11-25 19:14','另一个自己',3,41,0,'测试'),(63,'打破零评论','<p>我也来了</p>','2019-11-25 19:20','2019-11-25 19:20','爱奔跑的橘子',1,34,0,'没有标题'),(64,'被迫法的（手动狗头）','<p><img src=\"https://forum-1258928558.cos.ap-guangzhou.myqcloud.com/info/37861574681614227.jpg\" style=\"max-width:100%;\"><br></p>','2019-11-25 19:34','2019-11-25 19:34','爱奔跑的橘子',1,35,0,'来看帅哥！！'),(65,'二硕最帅最可爱不接受反驳嘻嘻嘻','<p><img src=\"https://forum-1258928558.cos.ap-guangzhou.myqcloud.com/info/62441574681871797.jpg\" style=\"max-width:100%;\"></p><p><br></p><p>❤ ❤ ❤ ❤ ❤ ❤ ❤ ❤ ❤ ❤ ❤ ❤ ❤ ❤ ❤ ❤ ❤ ❤ ❤ ❤ ❤ ❤ ❤ ❤ ❤ ❤ ❤ ❤ ❤ ❤ ❤ ❤ ❤&nbsp; ❤ ❤ ❤ ❤ ❤ ❤ ❤ ❤ ❤ ❤ ❤ ❤ ❤ ❤ ❤ ❤ ❤ ❤ ❤ ❤ ❤ ❤ ❤ ❤ ❤ ❤ ❤ ❤ ❤ ❤ ❤ ❤ ❤&nbsp;</p><p><br></p><p><img src=\"https://forum-1258928558.cos.ap-guangzhou.myqcloud.com/info/13201574681881825.jpg\" style=\"max-width: 100%;\"><br></p>','2019-11-25 19:42','2019-11-25 19:42','请你吃冰淇淋吖',3,38,0,'最热'),(66,'做一个后台行不行呢','<p><img src=\"https://forum-1258928558.cos.ap-guangzhou.myqcloud.com/info/69491574828506604.png\" style=\"max-width:100%;\"><br></p><p>行就完事了</p>','2019-11-27 12:22','2019-11-27 12:22','左想',1,26,0,'测试'),(67,'2019年最后一天啦~！','<p>加油加油加油！<br></p>','2019-12-31 18:44','2019-12-31 18:44','左想',1,14,0,'测试'),(68,'冲啊~','<p><img src=\"https://forum-1258928558.cos.ap-guangzhou.myqcloud.com/info/93051577789104338.jpg\" style=\"max-width:100%;\"></p>','2019-12-31 18:45','2019-12-31 18:45','左想',0,12,0,'测试'),(69,'jafsldkjf ','<p>sadfasdfasdf<img src=\"https://forum-1258928558.cos.ap-guangzhou.myqcloud.com/info/60661580954022206.png\" style=\"max-width:100%;\">sdafdsf sdfasdf <img src=\"https://forum-1258928558.cos.ap-guangzhou.myqcloud.com/info/93051580954043498.png\" style=\"max-width:100%;\"></p>','2020-02-06 09:54','2020-02-06 09:54','wch',1,10,0,'123123'),(70,'1','<p>1<br></p>','2020-02-06 11:59','2020-02-06 11:59','zzz',0,6,0,'aa'),(71,'冲冲冲','<p>111</p>','2020-02-19 13:50','2020-02-19 13:50','另一个自己',1,31,0,'没有标题'),(72,'还不能开学~~~','<p><img src=\"http://img.t.sinajs.cn/t4/appstyle/expression/ext/normal/3c/pcmoren_wu_org.png\" alt=\"[污]\" data-w-e=\"1\"><img src=\"http://img.t.sinajs.cn/t4/appstyle/expression/ext/normal/3c/pcmoren_wu_org.png\" alt=\"[污]\" data-w-e=\"1\"><img src=\"http://img.t.sinajs.cn/t4/appstyle/expression/ext/normal/3c/pcmoren_wu_org.png\" alt=\"[污]\" data-w-e=\"1\"><br></p><p>顺便测试一下</p>','2020-04-07 13:47','2020-04-07 13:47','左想',0,19,0,'闲聊'),(73,'测试','<p>测试</p>','2020-04-22 19:21','2020-04-22 19:21','veritas',2,12,0,'测试'),(74,'太难了，唉','<p><br></p>','2020-04-27 12:09','2020-04-27 12:09','kily007',3,21,0,'求职'),(75,'这是我花了两周做出来的简易论坛，有朋友需要源码请去github','<p>说实话整体结构代码写的很一般，都是原生的实现方式，有需要SQL的后期会上传到github<img src=\"http://img.t.sinajs.cn/t4/appstyle/expression/ext/normal/3c/pcmoren_wu_org.png\" alt=\"[污]\" data-w-e=\"1\"></p>','2020-04-28 15:24','2020-04-28 15:24','左想',2,22,0,'Java'),(76,'验证邮箱后可以通过邮箱账号登陆哦','<p><img src=\"http://img.t.sinajs.cn/t4/appstyle/expression/ext/normal/3c/pcmoren_wu_org.png\" alt=\"[污]\" data-w-e=\"1\">好像也是很正常的操作，反正我绝对不是想骗你们的邮箱，只是想测试一下功能<br></p><p>此外，密码都是经过多层MD5加密的，仅在后台服务端进行校验，数据库中存储的是加密后的乱码，也无法直接通过数据库的乱码在页面上进行登录，请各位放心安全性</p>','2020-04-28 15:31','2020-04-28 15:31','左想',0,15,0,'Java'),(77,'BUG太多，慢慢修','<p><img src=\"http://img.t.sinajs.cn/t4/appstyle/expression/ext/normal/3c/pcmoren_wu_org.png\" alt=\"[污]\" data-w-e=\"1\"><img src=\"http://img.t.sinajs.cn/t4/appstyle/expression/ext/normal/3c/pcmoren_wu_org.png\" alt=\"[污]\" data-w-e=\"1\"><img src=\"http://img.t.sinajs.cn/t4/appstyle/expression/ext/normal/3c/pcmoren_wu_org.png\" alt=\"[污]\" data-w-e=\"1\">难的一批<br></p>','2020-04-30 20:51','2020-04-30 20:51','左想',4,48,0,'IDEA,Github'),(80,'测试邮箱绑定功能','<p>是否正常<img src=\"http://img.t.sinajs.cn/t4/appstyle/expression/ext/normal/3c/pcmoren_wu_org.png\" alt=\"[污]\" data-w-e=\"1\"></p>','2020-04-30 21:49','2020-04-30 21:50','Sanarous',0,15,0,'Git,测试'),(81,'挂靠的腾讯云服务器比较渣','<p>头像上传和邮箱验证在本地都可以正常使用，挂靠到腾讯云主机并使用Nginx服务器的时候就挂了<img src=\"http://img.t.sinajs.cn/t35/style/images/common/face/ext/normal/7a/shenshou_thumb.gif\" alt=\"[草泥马]\" data-w-e=\"1\">辣鸡玩意</p>','2020-05-01 18:43','2020-05-01 18:43','Sanarous',0,27,0,'求职'),(82,'五一还不开学，在线直播女装','<p>嗯哼<img src=\"http://img.t.sinajs.cn/t4/appstyle/expression/ext/normal/40/pcmoren_tian_org.png\" alt=\"[舔屏]\" data-w-e=\"1\">啊啊啊啊啊啊</p><p><img src=\"https://bestzuo.cn/images/forum/1.jpg\" style=\"max-width: 100%;\"></p><p><img src=\"https://bestzuo.cn/images/forum/2.jpg\" style=\"max-width:100%;\"><br></p><p><img src=\"https://bestzuo.cn/images/forum/3.jpg\" style=\"max-width:100%;\"><br></p><p><img src=\"https://bestzuo.cn/images/forum/4.jpg\" style=\"max-width:100%;\"><br></p><p><img src=\"https://bestzuo.cn/images/forum/5.jpg\" style=\"max-width:100%;\"><br></p>','2020-05-01 19:19','2020-05-03 17:54','Sanarous',11,86,1,'求职'),(83,'测试积分增加是否正常','<p>啊啊啊啊测试</p>','2020-05-06 14:43','2020-05-06 14:43','Sanarous',1,59,0,'测试'),(84,'水贴','<p>啊啊啊啊</p>','2020-05-06 16:20','2020-05-07 21:49','Sanarous',0,55,0,'测试'),(85,'上传图片到本地BASE64编码保存','<p><img src=\"data:image/jpeg;base64,/9j/4AAQSkZJRgABAQAAAQABAAD/2wBDABALDA4MChAODQ4SERATGCgaGBYWGDEjJR0oOjM9PDkzODdASFxOQERXRTc4UG1RV19iZ2hnPk1xeXBkeFxlZ2P/2wBDARESEhgVGC8aGi9jQjhCY2NjY2NjY2NjY2NjY2NjY2NjY2NjY2NjY2NjY2NjY2NjY2NjY2NjY2NjY2NjY2NjY2P/wAARCAKAAoADASIAAhEBAxEB/8QAGwABAAIDAQEAAAAAAAAAAAAAAAEEAgMFBgf/xABBEAACAgECAwUFBQcCBgIDAQAAAgEDBBESBSExEyIyQVFCUmFicQYUIzOBJENygpGSoRVTNDVEVGOiJcEWseHR/8QAGQEBAQEBAQEAAAAAAAAAAAAAAAEDAgQF/8QAIBEBAAMAAwEBAQEBAQAAAAAAAAECEQMSMSETQTIiUf/aAAwDAQACEQMRAD8A9qAD5rsAAAAABIEgIAgAAAAABQEAECeRUus3sZ5FnLbBXK246oEiQG7Tlz+DpHttCnUqXakL6Rocxu/mYyeW7dJ1YDDklIAIxBIAEGi99O7BudtqlF23TqVrSqJA+pi7rWku3hUsPQ05V/ZV6Lzd+SwZYmPFFfe5u3NpNOIjW3Tk2R/Apcg1rDi0pJGhtpq3tz6HcM9xNFW9ufhLsRtgQsLGkEmmMpnUHM4tGy3Gu919snTKPFk34L+q94W8K+tcctC4s8ihS++tG9YLlDa1njs2v42gQDlgaQVcme9oWSnkTrYGnH61yU8lYsy6Ubw8y3JU13cSWPdQ6r69DDCZqbHxn6rzX6F6CpnVNtW+v8yv/MFii1b6ldfMtoIbFYt0vDL8Sn0MlbbOpy5tXV+CTBHh41MyPPMYAAOQAAAAAAAACSIAiydK2/hOfwvJmynRuuuh0GjVWPPcLs2ZF1c+9rBXdXooJ8jXU+9TZ5EczGAAKiQQSAABQGunQAujOLDOHg0g0rySmLANENMGcWeprXkiTGwEQ2pJ3qKwBJ4HSAAAAE/EAJK+FY1tbWt0Zu79CwAgCQAAgAAAANdjwi/EzmdIKVr72DuldQzbm1MRIK9MfAEAKxxY38UefKtNDqHN4XG63Js16vodEjzck/UgAMwAwsbakhYjWi99Z0g0STPUiSvVWuQFK6ZysjsF8Cc3k25d8117E/NfksGeNRFFe3rPVm9ZO61W0tqxpGkdIMhHMyRNzaQbRDKWVaS7aF2tYRdIgiquEU2HcQytYAB05RJhau+t096NDORIHEwf+H2N1Rtpfxp5zBQr7nEMmr5t0FuptrHkvD0e1XAIBmwknzKFnNy6090oN1K14kSU6ufFLfghckqY3POyZ+kHVfW0rhz0/YszZ+5t8Pwk6EmnKoXIpZJ6+zPoaY5iW0kp4V7WLNdn5tfJviWzK0O2yuzaxcVtylCDdRZtnSehGV66twCIkkjCQABAEkFAASQJAAGMnnoTsbmuj2bZVvoeik48pD2Zdc+bHVWlPVyp9ra+RcjnGpycN5fHWZ6x3ToY7+ySXd6t4EkSGCQQSBMAgSQSCCSgACgAC6GpnD+pgDqLTAgkgGQAAAVeIWSmK+3xN3YLRSyo7XNxqusL32As0V9lSiR7KmwABIAAAAAAYu+1dQsfWrIfltK0ku26ddTEr00rgCJAdgmdI19CCrnZXYVMixueVBK/wpIXF3e+0sXoKvD12YNMfKWoI8lvQCQHIVch9W2m61tqFKW1K246kmLuqLLtOiwZFHI1yslcZfAveeTqIbssNGusnJs8+SR8C7BELERoscoMog2qymUxBcx6tsaz1NePVr35LRpWGVrJIJB04AAAkiSZAHH4gnZcSpsjpYu1jbBlxpNcPtPOtoY1q25Yb1gx5IbU+wvVzuSJMjRjt3dDeedxaPrCz8tijJdt/KYpSGnEgqYUa35LfMW58RXwYnZa3vPJ3RrZZkAGrNSzKnWxcmnxr4o96CxVattauvmbSgy/csnX9zZP9snFod1lfBjEmRm6WKbfZksQc+C3RZujSepGN6twEAjAAEgBIAAAARJy/DxHJj6SdSTl293iz/NWdQ7r61U/hZVlfst3lLcTpJUzO5suiPBP+Cys6rrBbQ3j6vI29dTMqVPtbTyLUHLG1cCQAzAJBAJIEFEgAAAAAAKIAByAAAgpUfi8QyLPZSISC4zbEZp9mNSrwtf2Xe3isaWC/wAXAJEBAAAAAAkqXPubQ3XvtUpyVtx1/oQSQG5Jra1FbYzQrSZmjKx670/E9no3oBnkWxRXLt+kFNkaMV7LY/Fs0KdcZCWJcyNdUvTUtvm05HYok6TNi6xPkdxDm0vQ1rtrVfSDIjyJMpeWUggh22pMyUhWyX1bQ0ySzbp1MZK9VYyGnLv7CrX255LHxJw6Owq73N37zSaaf2rLm5o/Dq7qfGS9EGtYS0oiDdTXvb4GCLLNpBerSEXSDasMrSziIgkA7ZgACAAASBIA1XpFlLpPtLocjDfXH2t1Sdsnbk40r2HErq/J++pnyeNOOfq1S21y0UY6lxG3JB5pdckMb5/DKclvIj8MqEd8fiOsk4FW/En13MDZwjnjT/Gxrxwt5+MGjSdCC5kVa96OpUk1ZxKDC2tba2R/DJsBy6hRxHaqxsa2e8vhn1guQV8zHa1Ievu2pzWTLFyO3r3dGjkymdqtIbjJW2yY6kma5q7XZDx8TYUEfbJbrfevxDC9MbAARiAAAAAIk5mZG3idLe+kwdOTn8UjbZjWej6HUOq+jorKyN0krYbT2c1t4q22loqW/g5iP7Nndk7lvVbLND7o0KhmjbZ1M1tXV+AYo25dTIjzT8AAENQAAAAAkgkoASIAgAEAATIFTiL7MN4837sFilOzqRI9ldCpl/jZmPT5L32LwUAAQEgSAImdOZJXyH9mCuq11qtfexrmRID1VjEEEyQFCpdM5N3YJ4F8cmzJtZFhK+dj8lg2Y1EUV7erT4p9TutUmWxVhVhV6Qc/K4fXkZtKr3ZfxSp01WWnSAqf/KRHuVHc+MrSrri8Qxf+HuW1PdcyXillLbcvGev5l5nTExExzjUxZKlfEsSzpcsT6SZX3o8aK6z+ovwsa2Jl6V19Tm28Ppdu7LL/AAyGlK6ualTNtbu01+OyTQ+HfUszXktpHvFfGqzrbPvMbW8o3HdatddempaalRfI2qc+Hz161LJvqfPVtfuyt/Ma1hxMutRVsjXTmbjnrk5u3nh/+xnN+dPhxlj+JzWGErwKMTxBp5xSkf1Li67e9zkoyBJAQAACQAAOXxVNl9ORHlO1jqFTiFXbYliR105Et4tfVY347eRToffSjfAsUttsPJaHot9hvyPyyn5lrI/LKsnJx+E9DZwX/g4n5mNU+GfobeB/8Av1k24k5PHRKeRVtnWOhcghl3Rob4wiccyYIk331bG+U0ScTDWJChlLOLb94rjuTydS+QywyyrdJOc13EsEaHWHXpJmUadcTI7B5/Dbmkl0xtDtkZ1vKyayTlfV9Gho1MijW8rJcRoZQ816YyABGYAAIk5/GP8Ahkb3XiTolPii7+H3fCNSwtWo05lXa0NEeJe8psqbdSjeqmRs3hqx7O1pRzbBTp/Bynp9lu8pbMrNIb6LNraeRag55bot1XSepGV6twAIwABAAAACSCShIgACJABAkSDF22JLT5QBVx/xc7It93uQXCnwuP2XfPWx5YuBQABASPMAYu21dSizbmN2Q/PaaJK9HHU8iJJkgNUGLutaS7dIMp/wVIn75k7Y/Jrnn80nUDZiVM7TkWx3m8K+7BagG7Hq3Nr5G1YZWlux6tq6z1KuPO/imU3uwqnROfw7vdvb79sjk8Y6uAEHnRryG0X6lQ2XNuY0WvFVbO3RSw9FIyFbMabXXGTq/NvgpcRFRYVei8ithVvta6zx2Tr+hcVdeRtWC0sq6t7F2tIVdCKa9imzQ1rDG1gEknThiTBIAgAAAAAAAEeYnmCQOHQvY5F9HutuX6FiJ0kw4lHYZlN8dH7jEnmvH16K/YWbG3ValaTPd3NphJm7rGInwzBs4HP7Cv8AFJrbmsmfAf8Agf5mNeP1zyeOmSRBJ6HnYOsOuklK2vs2+B0Crl473rHZvsZf6ElYlVkxk05Nt+Lp2tOq+bKY051FvR9J9GOGlZZZWPGRTt10n2ZNOJeza128rU8RciYaORUzan7uRT+an/tBxautIlZJNOPel9cOv9PQ2mOY7ZGyuzZJqEMQ9dBWho5GRRqt2z8C4rQ0cg81q4yBBJHAar130unvKbSJ5lgcjBbdipHmvdN5WxtKu2VmWNtkmb5lCeK1TaG0NeesqqXr1rn/AAb0aGWJjzKdvEaWVlhHbX0Uq4ubkR+ClO5l9fQ5tVpV2CYbSSjDZz+SVmUUZLePJ5fLBmsuzVZFimw5+L+DELuZvjJfjnGoee9cSIAgjMAAAAkCASCiAAQCrxF9mHZp1buwWilnzvuxqfefX9IAsUJ2VKJ7q6G0AAAABjY+xTIqZD7m0DuldlqadZMSQV6ohEgSar7lorl2/QsfRqyrWZlx6vG/Wfdgs0VLTXCL5GnColFmyz8x+clk1rVxazKtJZjoVpCLpEGvHr2r8TdBtWGFrMLW2VPPoslPhkfsNU+9zN+c+zCub5ZMcNNmJSvokGfK5bTCxtiTJsK+Q3smC1jZVp5lO/8AaclKI8Cd5yxkXRRXLz+hjhUTVXvf8yzvMd1q9HixBZxq/aNVab20LyLpHQ3rDK0pJAO2SIMiCQAAAgAAAAAAAEEkSIAqcTo7fDsSOumsFDFs7XHR/PTmdqehxEXsMu6j2dd6mfJDXjlvIkkg87cky4H/AMI0fOxiTwSfwro9LJNeP1xyeOpBJEEm7zAAA121rYm1jlZGFVLaWVr9TsGFlcOukkmHVZxwG4dt/JudP1MZxcxPBk/1g6bpKzpJhoZzDWJcCyvNwJmyGWVaeehcR89lhvw5iS/ai2Vsj9GKGK74t041vg9hjO0O4Z78/TwV/wBSJbiHktf9S6SZu1JY4hrrLVmcW8SWNq9nHxLQghMMEjirxrvqNkVcSnrfXH8pups28p6FqOcB5rVxQ+65zeLM0+ihuHXv48239DoEhw87Xw1f9Qvpd3ZYXdHPqWkwcerw1x+pZs7nGKW8rElTbk17W3RBvTx3WVZUVfCsQVcuOyuryIjl4X+hcMLa4trZG6MWWlSOZkVsNp2NU/jr5FmDCzSElnHs9mSqSraSQtXYdEQa6rN8GyCPLaMAAHIAAAAAAAAUfzeLT/4ULjttXWSlwz8R8m7330C4vgAIAQANdrbFKcm299zGmSvTx1wIJIDQkqLH3rK3/uqvD8ZMsyx+7TV43/xBYpqWqtUX2TSlUtLYb8erdO6ehhUm9tC6q7V0N6w89pZeQAg7ZqfFp/YXj3piDci7a1j0gr8V501L71qlo8/KoUbJ3PqWbm2oc/Kt7KmZXxz3Vj4mUNaR/Wrb95y/Wurr/EXNCMfH+7YqI3jnm31NtSbmg3rVbWWMdNsa+ZvMVjSDI1hjIARJUSAABJAAAAAAAAAAEEgBJyeJr2V9WRHTwsdYrZlEX4tlenVeRJ+uqzimQacSztKF3eJe6xvPNZ6olEDg/KzJX5wOGcszJX+GTqnrjk8dWCSIJPQ8wAABEkgDVbVvXmUXWVnSTpmq2pbFJMOq2c+eZXzMWMirTwuvNZLjpsnSTCTOYaxKlh3zaspZ3bE5MWSpnVujRk0x308UesG/HtW+lXUxtDWrYTBAg5VJYpt0nRiuTEkS1ddAkqVXbZ0ktROsB5rVxR4l3Jx7vcsg6DLDrpJS4om7Bt+WNS1ivvxq395YN+JFSyuUbQ1nRtrh10KLLtnQ7tDusqGR+z5SX+w/cctEX1RdS6T5mnCsl6dj+NO6xlaGtZWCYIJM3bNGlGLiNuXUoQbqLNraeRGfJXVsCAR5wABAAABIIkCvmWbKWn0XUx4YmzBr9W7xW4m/7O/x5HRpXZSi+ih3PjMABwSa7W2IbJKmQ8ywd0rstcyYyAV6oQY2PFSy7dIM9Sm2uXkbI/JrnvfNJ1WBnh1u0zkWR336fCC5BjBYx69zaybVhlaW7Hr2r8TeRANWCQAVFDiHevxU+fUtFXK58Sxo9IaSzM8jz8nqwr5DatoVMar71nS8866eUfFjLMt2Vsy+Nu6pew6Pu+OqefVvqKVazORjXfztN+Om1dTVC77i1EG8M5lJEEgrkAIkCQAAAAAAAAAAAAESSRJIAiSQBw7U+7cSdOiXd5fqb4M+M1TNCXL4qm1/Q1o0OsSvSTG8PRxz8TJhhTt4pZHvIbDSk7eKUz7yzBzX11bx2SSIJPQ8oAAAAAAADXZXDxzKNiSraSdI12Vw8cyTDqtnNmDn2rOBd2iR+C/iX3TrWVyk8zS6Q6yrRrEmUw2rLBZhlho6SSUapnCv7B51pfwMXvIxmGsSkEEkDob6rZWdJ6GgdCJMau2LFtTJ5Mpq4S2uCkT7GqmFd0r9COFvEXZNUdFfWDXi9YWrjpFbJq3d6CyJPRLOHLkpXR2GUt0eF+THUyKtrbo6FS+qLamSfMytDessoBXw7JauUfx192SwYy1SNSCTkW6LN0aT1N0HPVtral2t9yhherMeQEkYkkSTJi3QKyMLW2oZlfIbntC1j6oZf4llNXvudY5ad/ilMe6ssdWCurkAAjNi7bV1KLNqxvyH9krlejjqSCJMXdUSXbpBWrTl2zWuxPzH5LBtxqYopVI+rGjFSbbJyX9rkkekFyORrWri1mSLubQ6FabFNGLX7Ulk2rDC0pAB04AABRu58Uq+CSbLm2pJqbnxX6VGviF3ZVzPn5fU89/9O6tWKk5GdvnwU9P4jqP3Vk04GP2GMiefVvqWZNq1SZ+tVK6Lrp1NwB0gCJEBEgAAAAAAAAAAAAAAAiSQQBIAAwsRbK2RujRocbE1rh8d/FU2n6HcORxJfu+XVesd1+4xzePjSk5LI0Xd3KxW+c3waMzurW/uOsmMet7eO1HQyMV5ryMoPRDyyAAIAAAAAAAAxZYaNJKdtMr06F4iY1JMOonHGycdcimUb9JK2Je8NOPf+YvT5oOvdRp3lOdm4/arqnK1OasZWq2rZu8wV8TI7dNG5WL4lLBjMNQAEUIw22cUZf8AcQk0s3ZcQxrPLdsk7p64v47kAQSep5WDruWYKFiSjaHRNV9W9fiS0Oq2xxMj8DKS7oj91i1qRkVRbW6N5mjDdnrlH8dfdY89oeisrBJEAzdJgzqfaxrJIT9dCJ1gkrUWezJZgjy2rkkGFngkzNd0/hyEhnPQp2NuaZLNrbVkqMGnHDXhxu4la/kiRB0oOfwvvNe/q+h0Q4v6GLdDI03vtXQJWFextzGEiSCvVUKeT+0XrjL4eryb8m7saZb2p5LHxGHR2Ner87H5tJ3WCzcq7Y0jobKk3toYl3Gr2rrPU3qxtLaq7Y0MiCTRkAEBEggAc5p/+a0/8RrlfvPE4r9ivvN/9GTutfFbnnolRu4bVMVve/jund+nkZZtnWrvwJANXIAAIkmAIAAAAAAAAAAAAAAAAAmCJJgAQBIAFXPx/vOK9fn1UtEBXGxbJtpjd4l5MRmruxX+Eamdyfdc9o9i/nH8RlYu6t19YPPMZZ6KzsL+I/aY1be8sG8ocIfdg1xPVeReg3h55SACoAAAAAAAASAAImCvbj7vCWSCLEvPZ2O9Vn3iqO+viX3jdj3pkVw6frHode2pbI5nEysR8C5siuNam8amVqN6XWQQrQ6wy9JJMmqYK2d3aIf3GhizBrvTtKXSfOBCS61bQ6K0ecamwocJt7TCT1XuyXz1Q8khBIKipk1ad5Tk3/s+Wl0eCzusegmN0aSc3Nxtysk9GM7Va0s1wDRi2y9ex/GndY3nnluAA5VMSXKbN0aeZSMlba2sBzauugacjkhnW8OupqyZ5RAYRH1GQ3e0K8zymTN21bU03ttx3n5Q1rGQ28JXTD3e80sXyrgLswaV+QtEYW9QU8htzlqxtqlGZDTjqSR5fAkrZjttimvx2cvodRDdhVH3rKmxvy6+SfUvGqqpaq1RekG5ecm9YZ2lnQm9i/5GqhNim41rDC0hEklfOZ1w7eyjV9vdK5cDP+0VteU6Y6rsSdNZ9oij7UNH59MT8Vk4luNes96p4/lK7K0EdY9vj8cwb/3mxvRi+lqWLqjq38MnzjvQbK8i6qfw7GX6SNMeoy5st41ZjJH5irun0g7yxCrpHkeBxuLZOPldvv3vMaNu8zt432pSZ0yKZX4qQx6UFDG4rh5X5dy6+jci7DaxyKmMgQSVAAAAAAAAAAAAAAAAAAAAAAEgAAABS4nRN+NOzxp3lKtVkW1K8eZ1jjNX91zHp9izvIZ3hpSW7hLbWvq91zpwcjDaa+KWL5WLuOvB1XxL+pAB04AAAAAAAAAQSAAAEGNiLYko0awxmRIHnmrbh2V2bzrj2eBvd+Bbgv5eLXlUNVZHKTi0vZj5E4uR4o8De9Bjer0UutgAxao4PZtvyKPdbcdfzOFjt2XGknytTT9TuwemnjzcnqQQSds0GFiQ66SZgiuDmLOJkrd7Ld1zfHM6OTjpkVsjqciiZR3x3nv1/wD6Mb1b0treADFqAEEG2qzYxne+6Y0NBG7mE6/dZsaM2dMRzdPMrZvOtF951Cfx1aI20ovosG3zMY5DUjzTGtGS/e2leTKxtzTJgV6aVyEM21ZaekFbEWbrGyX8+S/Q18QZ7f2arxbdzfQs4M7sOr+E0rBZYN+Mm5t0mmC9Sm1DasMbS2EgGjIAAFHLozGt30WV7fdZTn34+U35uBRbHyneICvJW4uN++wL6/ivMpW4WG0/hZDp8LFPdbTW+PTZ46lb6wTF7PAvw26OabbY+Ris9VlfjRl+sHureC4Vs6rX2beqToVLeB2L+Rk6x7tnMYuvHq0l7D4vl4vgtaV91ucHRzOC5brquNXrHnXJx78W7HbbbUy/xQQejxftQjaRkVbfmU7GNxDFyfyrlafdPnukkq7rziS6Y+lwDxODx7KxdFZu1T0Y7+F9oMTI7rz2T/N0GucdckwV1ddVmGj4GUFRkQQSAAAAAAAAAAAAAAAAAJIJAgocWpZ6O0rjv1TuUvyRMax0ErHxwltWcrFvjo07ZO7B5vLScWyyny3drWehqeLKkePajU5q6t9bAAdOAAAAAAAAAAAACAJIkABJQ4lhfe6Yle7cnNGL8kEWHCxb5sWUsjbcnJlN5nxXBazTJx+V6f8AtBVxchcivd0aPEvoYWrj00trDN/Dam+P3bnfRoZYb1OLlJ2uNYnyl7hN/bYFbecRpJ3RxywvEkRI1NWKQRrACEnL4pRtZctI7ycn081OoQywyzDRykjqJxyYaGWGjpJJpVJxsh8ZvD4q/objzWq9NZ0ABw6DRLfte35TdJX1/b9PRCC0VsnvXYy+thZk0TG7Oxln1mQ5t460GF7bUNkFTJbVtIOWFfstJhdbFVbO3RTIpXa5WUtK/l195zqHpZ4dbQjWv47ef6GeB+U6e68m40Yvdy8hP1NKeubeOljJubUuwacZdK49TeemHmtIACuQAAAAAAAESCSAGhrsrSzk6K0fNBsAHPv4LgXR3qFWfVeRzMn7L1zzx7mX4MejIIrxOT9n86jnCRYvynOeqyptHRl/ig+jGm7FpyF0urV4+aArw+JxDKxG/BtaPl8ju4f2mhtFy69PmU2Zf2cxn71L9lPxnkcPJ4Xbja621MvwYD2mNl05SQ1Fisbz53Tfbj2K9byrR6HpuFcce+xKclY3NyhlCO+RAgkqAAAAAAAAAAAAAASQSAIJIAocVxPvOLO2O+neUjg1va8PrifEndkvyUqcd8fNea4/Bt5z8rEVeABUARrA1Akg12X1Vx37FX6yUcjjmDR1t3T8oV0geet+1FS/l0s31Kdv2nyW8CIoOr1upG6DxNnHs9/323+EqWZ+Xb473n+Yi9XvXyKa/HYi/WStZxbCTrkJ+h4Vnd+bTMmMy3oDHtW4/gL+8mf5TS32lxI6I54/mNGBj1L/AGpqjwUNP1k0t9qm9nGj+485KsRsnyiSK77fanI8qa4ObPFLpzGyF2rLeJY6FPsm903U4yP47VT6wMWPjr1X5+RVvrhNrFWriebw3dSsqve1mJg1sz4e1cfK3K3Xb5GjI/Fv3tdv3dW0OPHczq//APkmf7yf2iPtHn+8n9pTXDpnT9qWI/hk2Rw6lumZX+p04+LUfaXN9V/tNifaXK81Sf0KkcJiZ7uVRP8AMZrwS6fDdS385Ux6rhmbGfi9rptbXRoLhyuBYduFjutviZtTqlcqHFMabaosr/Mq5qVarItrh18zsycW2r7nmzERpVdzX4MZ3q147NkgA87cKsT/APIN/AWZKq/8xf8AgAtyaq43cUp+VZk2GGL3uJ/woRzbx02nbGpRZtzTJavaFQqEhxSrTk3RTUz+fkY4VU1U6v437zGuV+85nPwVf5YtwdNUmrCr38Tu16bYNo4d/wAwv/hU0p64v46ywSRBJ6XmAAEACAJBAAkETJg9qIsy7QsfEDMTJzMjjmBRHO7dPovM5mT9qI/6en+ZiLj0xg9qJHfdV+snib+PZt377bHopQsyLbfE7N9WC49vkcZwaPFerfw8zn2/aiiPyqWb+I8rCu7aRGpex+D5mRHcobT1bkDF637T5L/loif5KdnGc+3re0fwnQxvsxa2k32qvwU6lH2ewKvEjWT80geUm/JunTfY36m6jhObkT3aW0+Y9pTh49H5VKL+hv0BrzGP9mbW0m21V+h18Hg2NhvFi7nePaY6JITUEgFQAAAAAAAAAAAAAAAAAAAAAYPYlay7tCrHWZObk8ew6JmIebJ+U28V4e2dVCpZslf6SeayuC5tH7rdHqoVcyPtPd+5pVfi3M5mRxnMyPFc0R6LyKtlFlc6OjLPxgwq2JYs2JuTzUi5A91lniZmC03W+BGb9Ds4mfwquY34bL8fEd/EzcK2NKLK4+HhI6eVo4Jn39KdserF6r7L3t+Zcq/Q9TE6wZBzrg1/ZfGX8y52n4Flfs9gL7DN/MdWCYKilXwrDr8OMn6kW8Iw7m3vQuvwLwAoRwjBXpjIbY4fiR/09f8AaWgBWjAxV6Y9f9pl90o/2a/6G8AaZxadNOxr/tInFon9yn9pvAFZsHGZZhqK9J+U81xTh04GsIm6lm1VvT4HrzXdUl9cpZG5WBqph1Y2Th1P2NfeX3TOeG4bdcdP6EcOxWw6GqZtVh52fQuQBR/0fB/7dSI4Rhrzir/JfkkqMVXasLHkSSQBJVzcaMmhk9rqs+kloiSK4mPYzpss5WJyY2k8Soam5cuuOXSyCImGjWOknnvXHppbQqJ/zC3+CC1JVo55uRP0gzdrfmYYP/ML/gsGUmHD5/bslp9FI5t4s5La2aalTKu7GmW9rov1NzzuaZKT/j5kL7FXOfqIWsfG3Fq7KmInxTzYsQQTBVBw3nnZE/BQTwjvXZL/AD6GnH645PHVJIgHpeZJAAQBQzuLYuFysfV/dXqcLL+017Tpjota+s9QuPUu6ou5phY+JzsjjuDR+97RvRTx2Tn5OVP4trN+pX3MRcd/M+097ztx0itfj1OPfm5GQ2ttrN9ZK8RqbK6nsbaiy0+kBcYTMyTCSx3MP7N5FujXytS+nmd/D4PiYixtrhn95gPJ4vB8vK0lKWhZ9puR3ML7M0po2S+9vdXod+IMgitj4ONjx+FSi/oWdpICagEgoAAIAAAAAAAAAAAAAAAAAAAAAAAASAABBIA12UV2x30VvrBzMz7P4eR3kXsn+U65AHj8v7OZVXOrS2Ph1OVZRdQ2liMk/E+izGprtoquXbYitHxgjrXg6OI5ePP4VzxHpqdGj7TZKfmotkf0OvlfZ7Du/L3VN8px8j7NZNUzNUrZH+Qrq432kxLfzYapvj0OpRlU5C602q30k8HkYeTjtpbUy/WDUlr1NuR2WfVQmPo+pJ4fG49m0Tzt7SPRjr4v2nqfu31SvzKEx6EFTG4ji5UfhXLM+haAkAFEkAkIgQAAJACgACABEASQSAMHSHSUaNYk4yq2LfOM/h61z6wdwp5+L95p7vK1eaMc2rrutsVCri878hvmN1NvaV97k68mg04P5bt6vJ5pjHqrOrElbCbTIy/rBZKmMumRkz6scLixa8VVM8+UGrCrlaYlvG/eY13t2+WmP7K95y5HwAkQT5CCgzbVmZNvBl/ZN/m7SxVy32Y1k/KdLAr7LDrT0U242PL4skSSRJuwCvny8YN01To+zkWDF43rMeoHzu12ZtZ5yaZOu/B8mzLetKuUN4mN9fDcWmzY27Ku9yvwwR04tVFlraVpLG+vAuts7Ope0b5T09HCZt0+8QtaR0qr6HUpoqoXZUiqvwA89hfZmfFlWafKp3cXBxsWNKalX46cywTAROgiAAiQAUAABIgCAiSCSAAAAAAAAAAAAAAAAAAAAAAAAAAAAAAAAAAAAETBICtb1q67XWGj4nMyvs/h381Sam+U60gGvGZ32eyaJ3U/ip8vU5VlNlTaOjLPxg+jyar8arIXbdWrR8YIuvnSuyzrE6SX8XjWbj+G5mj3W5neyvszjWazju1c+nWDiZfBMzG1ns96e8oV1cT7UI2i5NW2feU7OPxLEyPyr019J5Hz9llZG5l6Ax9K1JPB4nGczF8NssvusdnF+09bcsiqVn1UJj0YKmNxDGyY1quWfhqWoYqMgQAJBBIQAEAAAAIkkAcviWLMftNC99Y7y+9BTwOeKre9MydnLaFxrZ+STlYq7cWuPgY8j0cUs5KlTqjZLT7LaluTjO72Zl2On7xzBsu8PSWV8h/FZJcjoQiQqwi9FMgBIHmBXy43zTV77wdxY0XQ41S9pxSlf9tZaTtQejjefln6CQQaskkDQiQMLU7WuUlpiG9DCjHqx021JtNwkKgmACBBMEES20DMjzIiSQJJMYkkqJBBMACSCQBJACAAAAAAAV5yNM6MfTxJuiQLAAAAAAAAAAAAAAAAAAAAAATBAAkEABIAAiRIEhSQCAEiQJCqOXwvFy4/EriG95Tg532buq1fGbtV93zPVkSQfOraHqbSxGSfjBqmND6Ldj1XrpbWrR8YOPm/ZumzVsZ+zb3Z6BXlFeVnlJ0sTjeZjcos3r7rGnL4TlYsz2lc7feXnBTip2nRVlvoRXq8X7TUvMLfW1fzRzg7NGVTkLuqsVo+Enznms6dDbVkWUtrW7LPwKmPpAPHYf2jyqtIs0tX4naw+PY2RMK2tbz6lTHYIETrBIchJBAGUmJJEgU+KtswLfjGhURdtaR8pY4xP7Kq+86waTHkejiYeZTx8bZmX3T7XhLgg87YgEiAJBBTz8ma65rq5vMc/lgtUlb4RHa5GRd821TrnN4JV2fD69er946J6q+PLb7IJIEnaEggSAGpBrsfbHx8iOmzUGtF826mYMJbausmFertvbp7MGP5rfIv+TcBkYO08lXrJFj7F+JFSzHebxSBtgyMSIbvbdSuWcEmMEhEiAAJEAQEAAAAAAoZqOuZjXrGqq21i+AIgkAAAAAAAAAAAAAAAAAAAAABAEgESAAEhQAiQABAUEkAgAETOhTEiTBX3TyMwIldYOdl8Gx727SrWi33kOkCK8xl4F9Sz97oW+v/AHU8UFP/AEhMjvYd6v8AI3Jj2U8zn5fCMfIbekdlZ7yAeRyMC/FbS2ll+JOJU1mQiL1lj0kxn4cbbUjLp/yW8GrDv/GqohXX5egHQRdqLHpBlAEFcpAAQIkdQBzeKTuuxk9X1MIGfO7iFUe6kyDz8nr08fjAQBBi1SQSRPIDVk3rRVLdW9mCq1LJizL/AJ+Q0L9DdSv3rI7Zvy05JHr8TYy9txLGr8k77HdfXF5depIrqRI9mNDMQTJ6oeZAkiQAkxJIkOkM22NZNaRube36Efmtr7MGwisjTY8s3Zr+ots291fFJNabV+JVZrEKukBmhV1HTnJp17Z9fYgIyrWXbe/8pvIEztjWQiLHhF+JNcaLz6mqv8Rt7dPZN4JSZQaVbtG19mDdBXKQCQgAAgAAAAAAAAAAAAAAAAAAAAAAAAAAAAAEEgARIAUBAAEaiSApI1MZYiGAykESYO+1dSLjJ3hF1k1RusnV+S+gVWdt1n6KbSL4QZGMmp7JmdidSmNsPG7TzMjWiQkfH1M4AyBGpirw/QIz0ELEdBBJUSTBBMBAkgQAgSSRIRyLph+JWT7ixBka0nflZL/PobJPPf16qR8YEwQDFokqZTtbdGNVPNvHPpBtyL4oq3e10WPiRh0TUsu/O1+bSEmVhFhFhF8MciOGp2uZfdPs9xSbG2Vs8+zGpt4Qm3BVm62Tuk04/ssbyvkEkHpZIkwd9OS+KSXbYuphWs+NvFIVnHQ02NvnYv6mdr7Y0XxSRWu1fiHUJhdsaQRY8IupLTCrrJqRZsbe3TyIrKtfabxSbAa7n2xpHWQMbG3t2a/qbVXbGhjTXsX4ybIKiTQ2ttm2PDHUysefAnWTOtIVQMljSDVY0u/Zr+smVr7Y2r4pMqk2r8QjNF2rpBlBEGRXKYECAESCCQgQSQABIAEQSAAAAAACCQAAAAAAAQSAIBIAgkEASAAIAkBUSRJMmMhSSGbSCJaFjWTX4+c+EKmNX59IMgarLee1ebEVlZbCR8TBFZp32dQlenNp1Y2B0kjXQxd4SOcmqN106zyUhjJnaydE8PqbESEjkFjbGkEhJZEM0LGsmD2whhsmyYmzl8CmJ1a+fdQ3xG2NIIjl0MgiSTS9m36m1ddvPqEZQIEArlIAAkxadqzJJpzG2YtjeigcrE51y/vNMm41467cdI+U2Hks9dfGAnoCpmO1jrjVz3n8Xwg4dIoicvK7dvyk5JHxL5hUkVVqixosGcEZ2acznj7POxoU6tKRXWqR5Roc1V7XiVKeVay0nW05Hp4o+MrSgT8STS7b22R09qTVwxj8VtfYUzsbYuplyVfhBpVZsbe3T2YDorSdd79TYZGmxpaezXqFYN+M+2PDBviNIIRIVdIMugGux4RdTGpJ13v1khY7WzdPSOhvgL4QYWvsXl1M9DGatX3SHLGqvbzbxSbJ7qmUQNNeoNaaU3NNj9Z6G+ASEmSDIgkrkgASEAAABz+MX342L2uO8LtnvawcpeKcQ013V/0DutZl6WQeb/1XP9a/6ExxbO9a/wChOzr8rPR6wNYPNzxXP96uP5TGeJ5/+6n9o7H5WemB5ieJcQ/3k/tI/wBQ4h/3C/2jsv5Weo1Gp5b7/n/9xH9pH37O/wC5n+0dj8bPVDU8r98zp6ZTGM5WbP8A1bk7H42es1Gp5KMjMXpluZxmZ8f9V/6l7H42eq1Gp5eM/iEf9TH9pMcR4jH75J/lHZPys9ONTzP+pcS8rK/7TKOKcQ96r+g7H5Wek1B56OLZ3u1SSvGcxfFSjfSR2T87PQAqcPzYzKd+3ayzoy+hbgrjEgESEACApJrseFjWTJp7vQ1RXubc/wDQLDBUl23v+kG2eRM/E0M7WTtTp5sR0PZLNtT9ZMkrhOnUlEhF5EyR0k1WWwkfH0MbLee1ObCurSdzc2C4hK2Zt1n9DdoBLbYCboant57U5yYS73NtTkvqbkqVFC+Ma6tJ3N3mNxBMBJSYWWwkfH0MbLNvJebCqrSdz95ioyqT2m8RuggmA5lMEwRBlBUAAECnxVtuC/zci4c7i7d2lPecllr61RyVfoSBJ5LPVHjTfctFbO3kasGmVWbrfzbOf0NMt97yv/DV1+LF7dBwWlnAIh4J1gjg4dG/NyLPd0U6hzeDRrRY/v2NJ0z20j/ljb1qs3be71klEhI0gzB0jQ6y7Qvs+Zs28tDLzANYP3VkwrTbGs9ZNs8wF1BjK7o5mYCMIXSPgZEgKgnQEwE1BJIgCASSVCAAABICIAAHL+0LbeHNHvMsHG8jq/aOf2WqPWw5Mycy9PCmTEGOpw9SZkamMgLjLUGGo1C4zESYakgxlqNSCQgSQIIjIEQZQjT5FAGyKLJ9kn7vZ6FcsIJ1M+ws9CJRl6wD438Mu7HP2zPctjT9T0Mczylm5Vh08aTug9Hh3xkY6Wr7UHdXk5a/1ZIJIKxJIJkBUSYzJlJrdYaNJCw0tM3zpHJDYqQkaKZqsRGkGNjwi6yR0NMRGpXZ2tnROUepMK906zyT0NyppyC+NaVQpmTJqst2ztjmwX1NlkJBqhXubVuS+hmlUzO5+cm2I0gHiFWFjSCQRM6RqREml7dZ2V9SJebW219POTbXVCLyKqKqtvPqxt5QRM7TQztbO1PD6hPW3tJezanTzk3Qa60hF0NgcymCYEElcgEAAcrPndn0r7iyx1ZOPZO/iFze7EKc38d09ZkSJB5XpasalaKVSDbpBjEGUGTNjKwHiNjT8pkY2x+G/wDCWPUWuELtwKi8U+F88Gn+EuHur4wsAA6EAkARJBMgCNBoSAI0JAAAEgAAAAJCAAAAAAR5EkAcT7Rz3MaP/IcuTo/aL8zFj5pOd5nEvXweIaTCTIxk5eokiQAoAICJAgkCYJgzqx3s8uRdrx0T4lSbKaUO/sllMNfakswZFZzZrWlF6KZ6EgrnUQSIJAjQRBIgIxapG6qTwh+xuuxZ6RO5TKDU7djl03+Wuxg4v9h24JIgHTzAAASRoTIAwkwauGaJk2yRoV0w006CeRlJhYrMuizoQaXdnbZX+rGVdMJ8Z9TNUhI0UyIuoGhlJpsthOUc2Al3VI1Y06PfOrd1DNKpad9nOfQ3QugVCrCxpEEM8IusyLLIrXmaVSbp3WdPQBG69vRDdCrWvwIZlqXmatHvbVuSegVsS1rLO5HdjzLBiiwscjOA4kJAK5IAAET0OLjtva6z33k6uS+zHsf3Vk5OGu3FT5uZnyeNeJuBIPO3YgAwcJIf8ufoSTB1CN3Bp1wa/wBS+czgzaU2V+aPJ0z308YW9IJIgk6cgAAEEgCASAqASAIBIAgkgkIEEgCCQQBIAAESSRIHA+0HPKxvpJz5Oh9oW0ycWPqc6TOXs4fGMkSZTBjJHpQASBBIiCxRjtZz9kGtVdbO2iwXKsVV5tzLFdcIvdgzLjObERpHIEg6caAEhEAABBJEEgCSCQJNWSnaY7r56cjZBISVzAt7fEqfz28yycvhT7Lr6J8m3QdQ6eW0fUgiQHICSAoQSAMZIMhIViJMhIGi7dpokc5IrphOc829TfoNAusRoZAJrV2MS+6eZntMhoF1XWmWfdZ/Q3QhnoCGgBJXIPIAAAJAp8Vfbg2R73IqIu2tV9INvFp3dhV7z6mEmPJLfihEgSDBqxBBJi4CYIkksIjCbseJMnlausfU7BwczVK0uXxVNuO3S621K69GjU9nFbYZXhmSRBJszAIJAxJAAAAAAAAAAAAAAAAAAAAARJIA4f2iT/hn+fQ5cna4/H7Gk+68HGk4s9fB4wkiTKSDl6mJMLrJkq7p0L9GNCxq3UJMtNGLr3nLixtjkZQDplawSCSuUAACQQTAAEkAAAAJAAQSRBIRqRuy4lU/lZG2TtQcLM7tUPHWtoY7VTQ6Q3rGpWHJDOSRJJWSAAAAIAAAKgkAAQSAIBIAgkAAAAAAAEgACJJIkDlZzbuJVL7i6g1S2/iOQ3u6KbTz8nr08fiJIJkGTtgDEkwcJgkgAQ6w6Sk9Gg28Dvns3xrJ79U8vjBhBWub7nlV5a+Hwv8AQ34rZLi0PQwSYVtDpDrOqz0kzPbEsUEkiQiAAAAAAAAAAAAAAAAAAAAAAAAcvjy7uHPPussnF8j0HFU38NyI+U89XzrWTmz08CJCrLTpBlEalzGq2Lq0czl6dwx6IrjWfEWIBJ0zmQQB0CAgEgJAAAAACSABJEkkATAEABBJEEhGvITfjuvyl7hlna4NU+e3Qq+RnwSf2Z0912grPkj46ZJAK85IAAgkACJBIgCATIAgEgCCQAAAAAgkAAAAAAENygk0Zb9ni2P6JIlXIxO9Flk+28yWDVjLtx0+htk8tnrr4iQAcOmqAAedwkkxAGRjYi21yjdGJJg6icDg+TNTzhXT3l5pPrB2Tz2ZUzLFtfK2vvLJ1+H5UZWMtkeLo0eknt47689q4tgA2cIBIAgyIJgCARBIAAAAAAAAAAAAAAAAGjLXdi2x6rJ5Wj8pY9D17xuWYPLYtO+x08leSWb8M/W/Fo9ti2IXbGhJIbzKAAEBAJgAAAAAAAAAAAAAAmAIACCSABJHCG0yspPm1JMOF93iWSvrESVnfx2QAV5gAAAAAAAAAAAAAAAAAAAAAAAAAAChxd9uC8e9MKXzmcW7z49fq+pLeOq+taxtWI9BJJEnkl64AARWkAHncAAAkakAoyKyWtw7L7Zdews8a+hvIZVdJRo1iTSlsS0a7ddi2JDrOqtGsSZnmuHZ/wDp+V90ub8FvA3unpIbWD3VtrzWjEggk6QAIAQSAAAAAAAAAAAAAAAAABEnArXsuIZNXzb4O/JxOIR2XGK3npYm0ktKT9bZMZMgR6GIJICpBBIAAAAAAAAAAAAABIIJAgmCCQiYNeB/ze7+CDYa8ONOLt8ayw4v47JJEEleaSAAAAAAAAAAAAAAAAAAAAAAAAACJAScvMnfxFI9xDqScbd2mfkv7s7Ti8/GlPWwiSSJPM9SCSAcn9aQRMgwcsiJI1GoAkgQBkDGQUxy+JpDZaa9GUu8H4q2PMY2U3c6I/oV+Kr3aX9G0KcrDxpJ6eOzi1de4WdYJg81wjirUMuNlN3PYeT0izrB6qzrz2rjIAFQAEAAAAAAAAAAAAAAASABEnJ48mldN/8AtudcqcSo7fBtTz26wFr6p66wDRhWdripPn0k3nL1QgCQHQAAAAAAAAAAAAAAAAAAhBlBEEhCCMXnxRvhWTBjgc+J3T6JBYc38dckiOhJXmAAAAAAAAAAAAAAAAAAAAAAAACJJIkDF2hVmfQ42N4Hf33mTp579nh2t8pzqV2VIvwMuRtxMx5gg870EgSCCuCJIPMjIERyJkACCAMgRIKKvEV34j/L3jnI2qxJ17V31svrBxKm7unu8j0UlG1oho0k6XC+MNiytGVq1XRX905eo5T1Nq2c2rr3SOrLErMTE+ZkeO4fxO3hzbZntKJ9n3T1GHm05lMWUPuj/MG1bawtWYWgRBJ05SQAEAAAAAAAAAAAAAAiSSJA89Sv3biGRj+zrvUtyY8br7K2jLWPDO1voZR3o1OXppPwIMiA7QAAoAAAAAAAAAAAAAQAICJgkiCQhA4XG7KyX+baOkaybeDpK4u9utjSxXF/HQgQSCvOAAAAAAAAAAAAAAAAAAAAAAAAESSRM7YA5/F2/ASv/ceINJGZbF2dUq9K1liZPPyPTxR8CBIMmpIAIKsiSCTzIQBoAAIJgABJBQOHYuzKuT5tTtScjPXbn6++ppxyMNRqYg9Ai1uRlh5luHd2lLaeseUmm6TTDHVZc2jXueF8Wpz00ju2x4kk6O4+c12NXYr1tKuvSYPRcN+0XSvN5f8Akj/7NYswtV6Uk112LYsMkwyz0mDODtwmCSAESQAAAAAAAAAAAAFfNojIxbKp9qDkYLtNPZv4652sd6TicQX7pxFLoj8O7uv9SNKS3EEwRJG8EkEyQFAAFAAAAAAAACIJkQAEEiAhBJEEhGjLaez7NfHZOxTr49cVUokezGhycZfvPFNfYx4/9jtwVjySkAFZAEAAAAAAAAAAAAAAAAAAAAAI1NNmRC9OYMbLLFSO9JStul/hBjZZLtzNNr7K2afZg4mzWtWijv5Fz/HQsFfDXbjrPm3eN557S9FQAHChAkBVXWAYg8yMtSAAEEkESBlJEkCQEnN4qmnZWx5NodEq8RTdhv8ADmd1HNImTFG3Isg9MI13TzNRlc3eNep3CNmplDGrcTDFR1eF8Wt4e+k6vT5r6HrsPOozK99Dw3w84Pn0SbqL7KLIspdkePODuLM7UfRYBweF/aBL9KsvSuz3vZY7itDRqs6nesZjGYIBRIACJEkAAAAAAAiTRmYy5WO9TeZvkBXn8O1+/RdytrnT6lsji+G29cyjx1+KPegwptS+tXTpJG9LazEkkEdoBMkB0AAAAAAAACATAACQETBrvtiilnnyNhXrX79nrXH5VPNvjJXNpxe4TRNWLDv47O8x0CIjkSV5pkAEBEyQAAAAAAACSABIIAAAgCQQJkAYvYqRzNNuREcl5lV3lp70k7O4q3W5DNyXlBX1+JEyQcdncVTMlTiNm3FmI6u0KbcjISiuXsbSDj15b5/EK4021rO6IOZdxDspG1FX0gyI8yTCWoACAAAqoCAeYTAkiQAiQIAASTJARBrtXdWy+sGyTGSwrg1cllfdnQmTKxdmZcnx1MZPVVyrW+I1mdniMDuECSCYOkZamcSayd2nUo2xOpdwuKZWFP4dm5Pcboc6G+EwZajsk1eywftBjZPct/Bf5uh10eGXVZiY+B84ifUu4XEsnBb8J9U9xuh1FmU0e8JOHg/aLHyNEu/Bf4+GTsI6suqtEwd6zxsBBJUAAAAAAAAROh5/LobhuVNqLrjWT3vlk9AY2Itlco8aq3UOonHKVoZYlZ1iSSnlLZwixerYzzy+UtVutiQ684k5eittZEEgOkAkBUAAAASERBIJAAGu65Ka5d+gRry7prSErjW2zksHS4biRiY8JM6vPNm+JV4ZiPZZ97yF78+Bfdg6pWF7akAFZgAAAEASCCYAAkgACABIIGoEkSYWWqnmU7clm5RygmrFVqy9E+pVtvZ/oaZYiWOezSKp1IMHsVF1ZoiPiczK41VX3aI7Rv8ABw7x1JbTzOfmcVpo1Wv8R/h0OLkZt+T+Y/L3YNMfALjddfZk2b7X3fAvcFTdkPZ7qnMO3wRNuKz++xxZpEOnBJHmSZOgAAAABTkAHmACBICAAAAEyBBDdCYIkDj567M5J99TTJb4qvepb5iox6qeIqv4jAznqYmjkA0+JkiPY8JXG5pGmI+GmsnQw+G9LMiPopZw8BceN795y5oY25HWOdxTH7kXJ7PiObqejZIZZVuknAyKZx72Sf5TrjvqTDHUQxiNTZyzhi1i5+Tic6LmX5fIpamWpdTq9Rh/aZJ0TLr2z769Du0ZFWRXvqdXX1U+dwxtoyLsdt9FrVt8snUWZ2o+i6g8jifaTJr5ZKLYvvLyk7OJx7CyOtnZt7rnfZxNXWBrS1HXcjQ0fAy1K5ZAgASRIJA1X0V5Fc12pDI3lJxrcXI4fP4S9rje77SndkBa2xxKb0uXVG/Q2m/K4XTfO+v8K33lKLLmYvK2rtU99CNq3iW8GirKpsnbv2t6MWII71EkEgLqCYAiAakEwsyY34+U+kUyq69WkrmbNWRkpRy8Tz0WDZhcPsttXIzOseGv3SxhcMrxm7Rp7S73mL+mgZWvoIJBWQCSAAAAiSSJJACAAJMSSJkKkg1WXqnnzKz5bT05E1cW3tVI5yVbcmW6coKzPLdZK9+bRRH4lix8DmbO4qss2phLHIv45XHKlGafWTnZHEsq/l2myPRTl3jv5GdRjx+JYsfA5eRxxm5Y9f8AMxyZ5zq06yRqRcbrsi69tbrGb4Gox1AVkIkgHKs5PUYVfZYtSeinm6E331J7zHqojQ4s7hJlBBJwoAAAEkAUydDCSdTyjKBJEEgAAUCCQBEESTJEgc/iy/s0NHssUW8Op1OILuw7Pocl5/CU9HGivImCZLmJw5rdHu7qe6aTbEVsbHsyW0SNE82O1iYleOvcjn7xuRFRdqxtgzgwtyauGg0BMQZKiSnxDG7ercvjXoXJMZOqzg80QXeJYvZWdskdxvF8ClJ66W1xKRqYkHaM4YmGMBqBthid3wNepOpUWKMq7HbWi50+knWxvtHl1crlW6P6ScLUmJL2c9XsMf7SYdmnab6p+aDo1Z+Nf+XejfzHgdRB12c9H0eGiY1gnU8HjZmWliJVkOu6em47VfEeJU8rFruj+knUMp+PRA46cciOVuLav8PM318Zw28Tsn8SnSfHRE8zRXl49v5dyN/MbYaJ6TqRWq7Eou/MqVv0JnHTTSI0NwBsq/3VR91QsAL2lXjFX0Mox0jyNwB2litax0gy0ACaEgAAAEAQAJGpAkCSDFnVY7zRH1K1vEcarxXKFWzF3VfFJxr+OJrpUrP/AAwVGz8uz8unT+KSnx3LMuPZKtmZpHfeF/U87mZeYjbHs27vdKDvLzq7s31OJ13XHob+LY1X7zdPylC7jbz+RVp8WOVOhhMnDRauz8q3x3TEfKVZ5zrPOTGZIkis5YwmRJEhU6ggBUggmIlm2rGsnIyWJdoVY1aekHWo4XVNOlvjb2o8jLh+B2Hfs52f/o6EGNr/APi45nD8NquKbXnd2a7tTuQUcCN9193vNtgvwN13CQCQoJBrutWquXkIzkGCtLJDN1mCQqpJA+og8oygakSQBkBqCoTzAMZAykiSNQFacqNcayPlOKivcqJWksx32WGjSehila1rtRYWPgd1tiKeJw9Ko3W95y/EEQTJLW1cCYMZ5kxJyBOoI8wEkSTJAGuytbEZGjkx5+6lse5q2/SfU9HJVz8X7xTO3xrzU0pbJSXBkTBP16kSeqJZoBJB0J1JIEFGZMGBkEZmWpr3EIr32dnXGp1EObWxcwI351Xw5noIOPwzH7HOfWd2xTsQeilXlvbUkSit4oiSRB3jjWqcWlvY/oTGPt5122r9GNoJjrsr5GRm41e+vJaV893MtVZXEoRX31WRJgyw6sjdJMOHPs34zz3k5r9Di1WlJ1djiWYvjxYn6MZLxZ/bxbI+ggGTTqynjER0xrZMl4xS3irtX+U1wIkadG//AFTG9Wj+UieL4y+bz9FNI0HY6Ni8Zxm8rI/lJnjGP5RZP8pqmBA7HVL8cx06pb/aa/8A8hx5nRKrWkrZWRq000Ruf2p8lMKKEqXl185O6xrO2QuTxufZxLJMZ4xkv+XiafxSa4EnfRn2G4hxJui1oam++WfmZbfRTYC9YOyv91VvzLbG+rGS41K+xBtkF6ueyIiF6QJEmMyXDXMzKPvGbK7tu1Dm2o9DbLI/U7FPfyMh9eWuhnbSlq7HjWDmaakcvWXBMZNuRQ+K2jc08mNMnntXHrpeLBAkg4aEkEjQKCAZQsy0QsatJypGszpEatJ2uH4MUL2lvOyf8GPD8DsI7SznZP8Ag6MGHJd1EJ0MLH2Vs3pBn5FbMmex2e+0KYx6qzw+vbiJ83MtwYouxVWPKDI2h0AAqBXtXtr1T2U5sZ5N0Y9L2N7MGrD1nHh28b96QLBEySUOKZn3ejRZ778oDpmCAeVEgABJJEgBMgCAAEyAAkgmOZRAgkgKmSI5CRBBIAACSJAQkgkieRRyeJ4uxpvrjl7UHNjmemZYZdJ6HBzMb7tdpHgbwno47fxzaFcEyQbw4QSSIOkCZnQlVZ22Iu5i9GKuMqtZ3735IohzPxTTHe1lSFlnbwoeixuFxhYe7rdPjktcK4YuHX2lk7r38Tehfddy6Hq4648PLy78hwMNf2rJn6F0r467cjI/iLJokeJAgACSAFSV8lXRlyK47ydfjBvE+kkmHVZxZptW2tXXo0GZysdvueV2U/k2c1+EnUPPaHqrOwkeYIOFSJBg9iIku7bVjzAzKNuU17NVjzovtWGqy181tq6pT6+8blVUXasaQa1oytdFdS1LtU2GJJtEYwmdSDEFRIIAQEyCAEmDvsVmnyM5Kuc34Oxer8gNeFH4G6fbbcbgi7K1X3YLU04/Y87ZV60hrNq7us8o69TrcYTtpUrEV1lWjcsnGzMVsdtY71c9Pgej7PHSlHd7fxJbbCpHSNOvP4wQ9NS5b0MvapyjvTt6xE9eenU4tWLO+O00eUkg9Fdi4WLj5dtnDI1o292chucy0R5RHqc3iKJWtKxh04zuvaaLY7NC+Wus6Rr1PNauPdTkiXPgklVlmhVjWZ5REeZ1MbhtVmX9zhbb8iPzJraFSr4S2jaz+hxjabRDlqss21F3NPkdrAwox13vztn/AAXKOEriotlVdu5p2zFkd6J/pzLVmI6ysrErG2JnfMLtnp1kwv28h1F6q8GRYsxlWUjtqE1riZ32xznn/wDwwepEnRsmiJ0idN0z16eRjPHb+n6VapNLx2mdSnu9+Swk1zEyzPpry2rrr/WYNuPTjTxTIaGt2rHe1riIWNNeuv8A9FpSZWbxHrOCRW1NsxCO8xprrKaa/COfMzdK12xDWMzruhYT/wDvwNekn6VYCSdszMxETynToV8y2aa+Ud9uSnOS6iYcniuV2+SuOs91Z0+snYRdqrHylCzD25GLXt1mY7SdIOjKz5xJZiTYlhbYtVbO892Dy+VkNk3za38sfAvcZzN9n3dJ5L4zlSWsEvTAkiTxu0ggATOgIJASBJEAABAAQB5gSQBACQJIgCdREgASQAAkxMhJRiasihL65Rv6+huIksSPNvW1VjVP1Ug7WdixkV6r+YvQ48wyttZZ3+h6uO2sphBuxcWzKbu8k94sYnDXtaHv7qe6dVVSqvksKinU3TFVa6cCmZ0//wBYv8JwmZvveTHfbwL7pXwMRuIZH3m+NKEnuL7x31g9PDx/2Xh5+bPkGgkyGh6ni1yK0mcjK+WwzLOAsNxLNSekwsmORTNVmnl5E16a+NAEgAACgBIIrXkUxfXsnr5SZYGTLrNNv5tf/sZFbJqedt1PK1P8nFq60pbHUBUw81Mhdrd2xfEsmOXnpT3K/wAS2eiqYdXo7N2TlV466vPPyX1KMLZlN2mRyT2azHHxmd+2yp3WeUe6XDWtGN+REEyAaMQCRBUAJBQAAQIEgCCm7drnbfZrgtWPsrZ59mCpiL+HNk9bJ3BLTkLBdx+/i2wtFOrSqLDTMb56z59eRRkzex7JriZhUq8CrGmk+vxksxrCJz62Xwz04s7IjnZyWJ0jmoymhM+/dUtng5NMx7C+hjF96oyJc6wzbp0nn59PTr5GvnLSzMzM3OZZpmZ/WSRCzaFmLUfEypsxq2idmsS7Tu70RGvPy5HE4rthGdcOtZeY1t7R2aNPrPpyOq91j1dlEVomsS21NJbTnGsmMY/bzs01iepzNdaV5Mlx+CVzZxXHnbqqvEy09Iny/wAna4fTXiYdKTkLRo8tfMzozty0+M+ZV+7vwy/smjWiye48eR0Fv1nddFbaRrrKSzTP6TGv6nivPWcl7qz3rsN8Si8Q2dslltl0NKrOuyIiev6yaq64vwFlUqq7RYZpjlERDr6z6amKZlkvXbcitYrzM6co2zry/QmzKllsrSqGrmYiIsnuqsT0hdPh6wcd6yvSza70ZdTKk1Qy6dnM66ykevLrpr/gWylN2TMW19o6xCTumJTVYjXoaUtidYsTHRdOvZM3+NxrZ4stseNdJmNNY0mdFiOnl0OJ5IzXUUncbKraaplnWbYSeUx0+vPTU2YkLD0zvyGtyG7ZplViZ8oiefKNPIqX3zRSzKiO88o3xrEfp5lzGd6khniLLZndLvHPX9NPSOXwLxWiPXV6TPjbazPCdnVs1sldYjyjXT+vIyvlmyFinTe1eit7vebWSqsaJtjt5mfEzPpr/SfiZzulZWGlYlYSNI6L6QdzeEik4323xSuPMX3bNInWOcNrr1mZ+BXbKt2WsySqpeqVw07m00adfPnOv9Cvl5jpFeLiu8Pu1mdsaRGnlrqYtfaiLusllr0nRoidZjXr/UluWISOOXRpi5+I4832Wa/d9zKrzC67uWsRynkUuJ5j0cNiqMqbsi19Y2Pr5c+nSOnIx4VlTVRGRkW2O2jRHcjRdZ11n15kRltbVbvvXJhuVSxRthJ97XSP/s67xnqRSYnx5h1dbGizXf56mEnfy8VMivRo7/sscO1HqeUs6mNb69MvR6iZNe1vJiJh/geV22EmqJf0Mt7e6MGYMO0EWL6jBsIMd6+o3AZAgEEgAABAAEEkSAEAASQABIIACSCSYKMZUjsklt22N3qZg6rLkiDRCNnZEYyflrzdjLIeYWKqudtnJTq8PxFw8eEjm8+Kfievg4+068vPy9Yb6qkqrVEjRV6GwA+nHx8q1uyQIBUVsPReL5HzVqXMimLq9PPyKdPd41Me9SdIzeqv+XEdZVpiYMTqZmP2kb18RzWXadKxABURJBMkASQTJpvuSlNzfpHqRWN+JVe25o2v7ymVGNXR4Y1n1kq1ZNyWw2Qu2t+nyl6JJi9kkkElQAnkICEiCJBRMggASCAVCSCTC2yKq2efZINGQ3a29hH1Y2RHI0YyzKzY3is5lgsMeSwACsgEm+miXn4Aa6qmsbap0aaVqXTzMq6lRe6ZkVrvoTIpauyNyscWFfDu+72zrE+BvU7xXzMVMunY3Keqt6SYcvHF4enh5esqEqDUrvXZNGRG2xf/AGNup8u9es4+pW3ZEkwCJM3avkd/Joq+bcdODnULv4kzf7anRg1r4qTVdbFVbO3kbDn3v96yNkfl19fiwVGOrTvus8dn+DDPfbjyseJ+6WJOfn3QuRUs+z3jj2Ubrp1WvDT2V1csrG1YWDRi1yqS783fvNJvFlJgr5WKmTXtbk3st6FgScROI//Z\" style=\"max-width:100%;\"><br></p><p>测试成功与否</p>','2020-05-07 14:03','2020-05-07 14:03','Sanarous',4,31,0,'测试'),(86,'测试七牛云上传图片','<p><img src=\"http://image.bestzuo.cn/imagesFile-1588840853834\" style=\"max-width:100%;\"><br></p><p>可以了把</p><p><br></p>','2020-05-07 16:44','2020-05-07 16:44','Sanarous',1,67,0,'测试'),(87,'啊啊啊啊啊啊啊啊啊啊啊啊啊啊啊啊啊啊啊啊','<p>&nbsp;啊啊啊啊</p>','2020-05-11 12:38','2020-05-11 12:38','Sanarous',0,2,0,'求职'),(88,'测试标签BUG','<p>啊啊啊啊啊啊啊啊</p>','2020-05-11 12:45','2020-05-11 12:47','Sanarous',0,6,0,'求职,广告,招聘'),(89,'测试多级标签发布BUG','<p>嗯哼嗯哼</p>','2020-05-11 15:05','2020-05-11 15:05','Sanarous',0,9,0,'Java,Python,C++,CSS,HTML');

/*Table structure for table `tb_question_edit` */

DROP TABLE IF EXISTS `tb_question_edit`;

CREATE TABLE `tb_question_edit` (
  `id` int(11) NOT NULL AUTO_INCREMENT COMMENT '自增主键',
  `question_id` int(11) NOT NULL COMMENT '问题ID',
  `user_id` int(11) NOT NULL COMMENT '提问者uid',
  `is_jing` int(1) NOT NULL COMMENT '是否加精，1-是，0-否',
  `is_ding` int(1) NOT NULL COMMENT '是否置顶，1-是，0-否',
  PRIMARY KEY (`id`)
) ENGINE=InnoDB AUTO_INCREMENT=6 DEFAULT CHARSET=utf8;

/*Data for the table `tb_question_edit` */

insert  into `tb_question_edit`(`id`,`question_id`,`user_id`,`is_jing`,`is_ding`) values (3,59,56,1,1),(4,82,83,1,0),(5,84,83,0,0);

/*Table structure for table `tb_question_report` */

DROP TABLE IF EXISTS `tb_question_report`;

CREATE TABLE `tb_question_report` (
  `id` int(11) NOT NULL AUTO_INCREMENT COMMENT '自增ID',
  `user_id` int(11) NOT NULL COMMENT '举报用户ID',
  `r_user_id` int(11) NOT NULL COMMENT '被举报用户ID',
  `r_question_id` int(11) NOT NULL COMMENT '被举报问题ID',
  `report_reason` varchar(255) NOT NULL COMMENT '举报理由',
  `is_process` int(1) NOT NULL COMMENT '是否已处理，0-否，1-是',
  `process_result` varchar(255) NOT NULL COMMENT '处理结果判决',
  PRIMARY KEY (`id`)
) ENGINE=InnoDB AUTO_INCREMENT=3 DEFAULT CHARSET=utf8;

/*Data for the table `tb_question_report` */

insert  into `tb_question_report`(`id`,`user_id`,`r_user_id`,`r_question_id`,`report_reason`,`is_process`,`process_result`) values (1,83,57,77,'涉及程序员之间的黑话',1,'同意该举报请求'),(2,83,57,76,'无用问题',1,'该举报请求已驳回');

/*Table structure for table `tb_question_tag` */

DROP TABLE IF EXISTS `tb_question_tag`;

CREATE TABLE `tb_question_tag` (
  `id` int(11) NOT NULL AUTO_INCREMENT COMMENT '自增主键',
  `tag_id` int(11) NOT NULL COMMENT '标签对应的ID',
  `question_id` int(11) DEFAULT NULL COMMENT '问题对应的ID',
  PRIMARY KEY (`id`)
) ENGINE=InnoDB AUTO_INCREMENT=81 DEFAULT CHARSET=utf8;

/*Data for the table `tb_question_tag` */

insert  into `tb_question_tag`(`id`,`tag_id`,`question_id`) values (33,53,59),(35,50,60),(36,1,61),(37,7,61),(38,50,62),(39,54,63),(41,55,64),(43,56,65),(45,50,66),(46,50,67),(47,50,68),(48,57,69),(49,57,69),(50,58,70),(52,54,71),(53,10,72),(55,50,73),(56,10,74),(57,1,75),(58,1,76),(59,9,77),(60,43,77),(63,42,80),(64,10,81),(68,10,82),(69,50,83),(70,50,84),(71,50,85),(72,50,86),(73,10,87),(74,10,88),(75,48,88),(76,1,89),(77,2,89),(78,3,89),(79,11,89),(80,12,89);

/*Table structure for table `tb_tags` */

DROP TABLE IF EXISTS `tb_tags`;

CREATE TABLE `tb_tags` (
  `id` int(11) NOT NULL AUTO_INCREMENT COMMENT '自增主键',
  `tags_name` varchar(256) NOT NULL COMMENT '标签名',
  `category_id` int(11) NOT NULL COMMENT '对应的分类ID',
  `is_origin_tag` int(1) NOT NULL COMMENT '是否为默认标签',
  PRIMARY KEY (`id`)
) ENGINE=InnoDB AUTO_INCREMENT=59 DEFAULT CHARSET=utf8;

/*Data for the table `tb_tags` */

insert  into `tb_tags`(`id`,`tags_name`,`category_id`,`is_origin_tag`) values (1,'Java',1,1),(2,'Python',1,1),(3,'C++',1,1),(4,'Linux',3,1),(5,'Ubuntu',3,1),(6,'Spring',2,1),(7,'SpringBoot',2,1),(8,'MySQL',4,1),(9,'IDEA',5,1),(10,'求职',6,1),(11,'CSS',1,1),(12,'HTML',1,1),(13,'JavaScript',1,1),(14,'Node.js',1,1),(15,'golang',1,1),(16,'erlang',1,1),(17,'matlab',1,1),(18,'PHP',1,1),(19,'c',1,1),(20,'shell',1,1),(21,'Objective-c',1,1),(22,'c#',1,1),(23,'swift',1,1),(24,'bash',1,1),(25,'ruby',1,1),(26,'MyBatis',2,1),(27,'Struts',2,1),(28,'Hibernate',2,1),(29,'CentOS',3,1),(30,'Apache',3,1),(31,'Tomcat',3,1),(32,'Unix',3,1),(33,'Docker',3,1),(34,'Hadoop',3,1),(35,'Windows',3,1),(36,'Nginx',3,1),(37,'SQL',4,1),(38,'Redis',4,1),(39,'SQl Server',4,1),(40,'Memcached',4,1),(41,'Mongodb',4,1),(42,'Git',5,1),(43,'Github',5,1),(44,'Eclipse',5,1),(45,'Maven',5,1),(46,'Visual studio Code',5,1),(47,'SVN',5,1),(48,'广告',6,1),(49,'招聘',6,1),(50,'测试',6,0),(53,'论坛公告',6,1),(54,'没有标题',6,0),(55,'来看帅哥！！',6,0),(56,'最热',6,0),(57,'123123',6,0),(58,'aa',6,0);

/*Table structure for table `tb_user` */

DROP TABLE IF EXISTS `tb_user`;

CREATE TABLE `tb_user` (
  `uid` int(11) NOT NULL AUTO_INCREMENT COMMENT '用户id',
  `username` varchar(255) DEFAULT NULL,
  `password` varchar(255) CHARACTER SET latin1 NOT NULL COMMENT '用户密码',
  PRIMARY KEY (`uid`)
) ENGINE=InnoDB AUTO_INCREMENT=87 DEFAULT CHARSET=utf8;

/*Data for the table `tb_user` */

insert  into `tb_user`(`uid`,`username`,`password`) values (56,'码匠论坛','453D21C92618B39E9244ED6121AD15370059515F8D89FA00'),(57,'左想','66A64FC87B2642476942682B356C61D3688F67CE2019C579'),(58,'kily007','21141AB7C552B1D928448509C4DF1C36B501B7D270330113'),(59,'薄荷绵','36781A76469FB4F51DC3AF99E69B86B8BD1A56C66E41FE38'),(60,'薄荷眠','31469E54FB8267E42DA6506CB96F5961E51DE9C043D20946'),(61,'coffch','E1299365ED0F601A4CA5C68607444C08090955DD4B70C60B'),(62,'beiguo','660D49E9455472971EA9535EB43A8B99B82E64893F249157'),(63,'另一个自己','22F68D90A530D7FE35B1EC26B5595191B90D553D0007C31B'),(64,'admin','15393E93D87409F271B32B20A85A09B8C04D554C5A842170'),(65,'爱奔跑的橘子','695172474955978870B2B50961739215397592CC42A91081'),(66,'请你吃冰淇淋吖','073C9031B93C76AC7542EE5CC15D4B410B6D755B61A1126E'),(67,'wch','995C60C4154CA46C2786946853EE8CD9A85B21ED21184072'),(68,'zzz','F1F225C60D63437776D4487CB8481B06139FD3D062C6E088'),(69,'dev','266D8CF9D724B3C06877D857694D4B481D7E55623F15FC0C'),(70,'testtest','790764B9403CC6D29426072D913A7CA2024035AF2261609C'),(71,'似懂非懂','F1D008645370981256224208A5C37B56E026C3F22A959365'),(72,'123哈哈哈','46BE0CA43E6670165DF6AD6232F579F3C409F0D151A64698'),(73,'amzc','993A8FF2F12FD7780B17FC27A3133BF4B517B1669215F408'),(74,'test2019','82762641687F18D60F291103E30660F9A742A26663E99409'),(75,'test','B5650C43B30DA00E9EE7645EF13D0690A029881832738678'),(76,'1q1q1q1q','15C61135889ED11B3D88764442802210831145A527C12301'),(77,'hosoyam','121749F1014DF10F2A70154A871496035C8DC7960BF99856'),(78,'_wen_liang','29566CD2F07D17472572BF33D3F83A988707765E5070C40C'),(79,'user1','366758869B8788262BE3801B27328DA48A6A48FA95B0F131'),(80,'veritas','58AE1463C136B41649A57D1B94EF80690D4D046454511999'),(81,'d763616587','963B17E69D4630DE8FC75B22A2CC74A29C80959493147D4B'),(82,'cuihu123','E38379B43A9CE7323AF8448434A466052332F22949B0430B'),(83,'Sanarous','D92136C1D83BD9210D29697355808F29460458C46B46813F'),(84,'Sana123','01A11C82433885951007650D561F1B02607A222D08D5671D'),(85,'撒浪嘿哟','427F59A14304387F8EA1761943418B87A184D2257FD02D2A'),(86,'嘿嘿嘿','B54D6AD3A13319670AB20C6668BB7523BF24445836049704');

/*Table structure for table `tb_user_info` */

DROP TABLE IF EXISTS `tb_user_info`;

CREATE TABLE `tb_user_info` (
  `id` int(11) NOT NULL AUTO_INCREMENT COMMENT 'id',
  `u_id` int(11) NOT NULL COMMENT '用户ID',
  `username` varchar(50) NOT NULL COMMENT '用户名',
  `sex` varchar(5) DEFAULT '1' COMMENT '性别 1-男 2-女',
  `birthday` varchar(255) DEFAULT '1970-01-01' COMMENT '生日',
  `email` varchar(255) CHARACTER SET latin1 DEFAULT NULL COMMENT '邮箱',
  `area` varchar(50) DEFAULT NULL COMMENT '所在地',
  `hobby` varchar(50) DEFAULT NULL COMMENT '兴趣爱好',
  `comment` varchar(50) DEFAULT NULL COMMENT '个人简介',
  `avatar` varchar(255) CHARACTER SET latin1 DEFAULT NULL COMMENT '用户头像',
  `site` varchar(255) DEFAULT NULL COMMENT '个人网站',
  `github` varchar(255) DEFAULT NULL COMMENT 'github',
  `weibo` varchar(255) DEFAULT NULL COMMENT '微博链接',
  `university` varchar(255) DEFAULT NULL COMMENT '毕业学校',
  `majority` varchar(255) DEFAULT NULL COMMENT '所学专业',
  `company` varchar(255) DEFAULT NULL COMMENT '公司名称',
  `job_title` varchar(255) DEFAULT NULL COMMENT '公司职位',
  `register_date` varchar(255) DEFAULT NULL COMMENT '注册时间',
  `isOpen` varchar(10) NOT NULL DEFAULT '1' COMMENT '是否公开信息，0-不公开，1-公开',
  PRIMARY KEY (`id`)
) ENGINE=InnoDB AUTO_INCREMENT=48 DEFAULT CHARSET=utf8;

/*Data for the table `tb_user_info` */

insert  into `tb_user_info`(`id`,`u_id`,`username`,`sex`,`birthday`,`email`,`area`,`hobby`,`comment`,`avatar`,`site`,`github`,`weibo`,`university`,`majority`,`company`,`job_title`,`register_date`,`isOpen`) values (17,56,'码匠论坛','1','1970-01-01','zuoxiang@whut.edu.cn','','','','https://forum-1258928558.cos.ap-guangzhou.myqcloud.com/avatar/6731574671371404.png','','','','','','码匠论坛官方','','2019-11-25','1'),(18,57,'左想','1','1994-01-20','1533394094@qq.com','湖北省-武汉市','2,4,5','我为自己代言啊啊啊啊啊啊','https://forum-1258928558.cos.ap-guangzhou.myqcloud.com/avatar/9491574665783250.jpg','','','','','','','','2019-11-25','1'),(19,58,'kily007','1','1970-01-01','1286759467@qq.com',NULL,NULL,NULL,'https://bestzuo.cn/images/forum/anonymous.jpg',NULL,NULL,NULL,NULL,NULL,NULL,NULL,'2019-11-25','1'),(20,59,'薄荷绵','2','1970-01-01',NULL,NULL,NULL,NULL,'https://bestzuo.cn/images/forum/anonymous.jpg',NULL,NULL,NULL,NULL,NULL,NULL,NULL,'2019-11-25','1'),(21,60,'薄荷眠','2','1970-01-01','midorii55@outlook.com','','2,3,4','','https://forum-1258928558.cos.ap-guangzhou.myqcloud.com/avatar/94401574669948835.jpg','','','','','','','','2019-11-25','1'),(22,61,'coffch','1','1970-01-01',NULL,NULL,NULL,NULL,'https://bestzuo.cn/images/forum/anonymous.jpg',NULL,NULL,NULL,NULL,NULL,NULL,NULL,'2019-11-25','1'),(23,62,'beiguo','1','1970-01-01','1290787604@qq.com','','','','https://forum-1258928558.cos.ap-guangzhou.myqcloud.com/avatar/58881574680230723.jpeg','','','','武汉理工大学','','','','2019-11-25','1'),(24,63,'另一个自己','1','1970-01-01','846947743@qq.com','','','','https://forum-1258928558.cos.ap-guangzhou.myqcloud.com/avatar/13541574680287925.jpg','','','','武汉理工大学','','','','2019-11-25','1'),(25,64,'admin','1','1970-01-01',NULL,NULL,NULL,NULL,'https://bestzuo.cn/images/forum/anonymous.jpg',NULL,NULL,NULL,NULL,NULL,NULL,NULL,'2019-11-25','1'),(26,65,'爱奔跑的橘子','2','1970-01-01',NULL,NULL,NULL,NULL,'https://forum-1258928558.cos.ap-guangzhou.myqcloud.com/avatar/75371574680935239.jpg',NULL,NULL,NULL,NULL,NULL,NULL,NULL,'2019-11-25','1'),(27,66,'请你吃冰淇淋吖','2','1970-01-01',NULL,NULL,NULL,NULL,'https://forum-1258928558.cos.ap-guangzhou.myqcloud.com/avatar/8621574681121386.jpg',NULL,NULL,NULL,NULL,NULL,NULL,NULL,'2019-11-25','1'),(28,67,'wch','1','1970-01-01',NULL,NULL,NULL,NULL,'https://bestzuo.cn/images/forum/anonymous.jpg',NULL,NULL,NULL,NULL,NULL,NULL,NULL,'2019-11-25','1'),(29,68,'zzz','1','1970-01-01',NULL,NULL,NULL,NULL,'https://bestzuo.cn/images/forum/anonymous.jpg',NULL,NULL,NULL,NULL,NULL,NULL,NULL,'2019-11-25','1'),(30,69,'dev','1','1970-01-01',NULL,NULL,NULL,NULL,'https://bestzuo.cn/images/forum/anonymous.jpg',NULL,NULL,NULL,NULL,NULL,NULL,NULL,'2019-11-25','1'),(31,70,'testtest','1','1970-01-01',NULL,NULL,NULL,NULL,'https://bestzuo.cn/images/forum/anonymous.jpg',NULL,NULL,NULL,NULL,NULL,NULL,NULL,'2019-11-25','1'),(32,71,'似懂非懂','1','1970-01-01',NULL,NULL,NULL,NULL,'https://bestzuo.cn/images/forum/anonymous.jpg',NULL,NULL,NULL,NULL,NULL,NULL,NULL,'2019-11-25','1'),(33,72,'123哈哈哈','1','1970-01-01',NULL,NULL,NULL,NULL,'https://bestzuo.cn/images/forum/anonymous.jpg',NULL,NULL,NULL,NULL,NULL,NULL,NULL,'2019-11-25','1'),(34,73,'amzc','1','1970-01-01',NULL,NULL,NULL,NULL,'https://bestzuo.cn/images/forum/anonymous.jpg',NULL,NULL,NULL,NULL,NULL,NULL,NULL,'2019-11-25','1'),(35,74,'test2019','1','1970-01-01',NULL,NULL,NULL,NULL,'https://bestzuo.cn/images/forum/anonymous.jpg',NULL,NULL,NULL,NULL,NULL,NULL,NULL,'2019-11-25','1'),(36,75,'test','1','1970-01-01',NULL,NULL,NULL,NULL,'https://bestzuo.cn/images/forum/anonymous.jpg',NULL,NULL,NULL,NULL,NULL,NULL,NULL,'2019-11-25','1'),(37,76,'1q1q1q1q','1','1970-01-01',NULL,NULL,NULL,NULL,'https://bestzuo.cn/images/forum/anonymous.jpg',NULL,NULL,NULL,NULL,NULL,NULL,NULL,'2019-11-25','1'),(38,77,'hosoyam','1','1970-01-01',NULL,NULL,NULL,NULL,'https://bestzuo.cn/images/forum/anonymous.jpg',NULL,NULL,NULL,NULL,NULL,NULL,NULL,'2019-11-25','1'),(39,78,'_wen_liang','1','1970-01-01',NULL,NULL,NULL,NULL,'https://bestzuo.cn/images/forum/anonymous.jpg',NULL,NULL,NULL,NULL,NULL,NULL,NULL,'2019-11-25','1'),(40,79,'user1','1','1970-01-01',NULL,NULL,NULL,NULL,'https://bestzuo.cn/images/forum/anonymous.jpg',NULL,NULL,NULL,NULL,NULL,NULL,NULL,'2019-11-25','1'),(41,80,'veritas','1','1970-01-01',NULL,NULL,NULL,NULL,'https://bestzuo.cn/images/forum/anonymous.jpg',NULL,NULL,NULL,NULL,NULL,NULL,NULL,'2019-11-25','1'),(42,81,'d763616587','1','1970-01-01',NULL,NULL,NULL,NULL,'https://bestzuo.cn/images/forum/anonymous.jpg',NULL,NULL,NULL,NULL,NULL,NULL,NULL,'2019-11-25','1'),(43,82,'cuihu123','1','1970-01-01',NULL,NULL,NULL,NULL,'https://bestzuo.cn/images/forum/anonymous.jpg',NULL,NULL,NULL,NULL,NULL,NULL,NULL,'2019-11-25','1'),(44,83,'Sanarous','2','1997-01-08','','湖北省-武汉市','3,4,5','人生苦短，我用Python','https://forum-1258928558.cos.ap-guangzhou.myqcloud.com/avatar/30961588948043470.jpeg','https://bestzuo.cn','','','清华大学','','Google','大数据开发工程师','2019-11-25','1'),(45,84,'Sana123','1','1970-01-01','723484363@qq.com',NULL,NULL,NULL,'https://bestzuo.cn/images/forum/anonymous.jpg',NULL,NULL,NULL,NULL,NULL,NULL,NULL,'2019-11-25','1'),(46,85,'撒浪嘿哟','1','1970-01-01',NULL,NULL,NULL,NULL,'https://bestzuo.cn/images/forum/anonymous.jpg',NULL,NULL,NULL,NULL,NULL,NULL,NULL,'2020-05-12','1'),(47,86,'嘿嘿嘿','1','1970-01-01',NULL,NULL,NULL,NULL,'https://bestzuo.cn/images/forum/anonymous.jpg',NULL,NULL,NULL,NULL,NULL,NULL,NULL,'2020-05-12','1');

/*Table structure for table `tb_user_rate` */

DROP TABLE IF EXISTS `tb_user_rate`;

CREATE TABLE `tb_user_rate` (
  `id` int(11) NOT NULL AUTO_INCREMENT COMMENT '自增主键',
  `user_id` int(11) NOT NULL COMMENT '用户id',
  `rate` int(11) NOT NULL DEFAULT '0' COMMENT '用户积分',
  PRIMARY KEY (`id`)
) ENGINE=InnoDB AUTO_INCREMENT=15 DEFAULT CHARSET=latin1;

/*Data for the table `tb_user_rate` */

insert  into `tb_user_rate`(`id`,`user_id`,`rate`) values (1,83,35),(2,57,20),(3,58,8),(4,63,6),(5,66,5),(6,65,5),(7,80,3),(8,62,2),(9,81,0),(10,82,0),(11,56,1000),(12,84,0),(13,85,0),(14,86,0);

/*!40101 SET SQL_MODE=@OLD_SQL_MODE */;
/*!40014 SET FOREIGN_KEY_CHECKS=@OLD_FOREIGN_KEY_CHECKS */;
/*!40014 SET UNIQUE_CHECKS=@OLD_UNIQUE_CHECKS */;
/*!40111 SET SQL_NOTES=@OLD_SQL_NOTES */;
